quarter,metric,first_release_date,first_value,latest_value,last_update_date,base_year
2015-Q2,gdp_qoq,2026-05-30,1.394,1.394,2026-06-13,2015
2015-Q3,gdp_qoq,2026-05-30,0.641,0.641,2026-06-13,2015
2015-Q4,gdp_qoq,2026-05-30,1.17,1.17,2026-06-13,2015
2016-Q1,gdp_qoq,2026-05-30,0.926,0.926,2026-06-13,2015
2016-Q2,gdp_qoq,2026-05-30,1.336,1.336,2026-06-13,2015
2016-Q3,gdp_qoq,2026-05-30,1.118,1.118,2026-06-13,2015
2016-Q4,gdp_qoq,2026-05-30,1.369,1.369,2026-06-13,2015
2017-Q1,gdp_qoq,2026-05-30,1.656,1.656,2026-06-13,2015
2017-Q2,gdp_qoq,2026-05-30,1.489,1.489,2026-06-13,2015
2017-Q3,gdp_qoq,2026-05-30,1.484,1.484,2026-06-13,2015
2017-Q4,gdp_qoq,2026-05-30,1.019,1.019,2026-06-13,2015
2018-Q1,gdp_qoq,2026-05-30,1.372,1.372,2026-06-13,2015
2018-Q2,gdp_qoq,2026-05-30,1.386,1.386,2026-06-13,2015
2018-Q3,gdp_qoq,2026-05-30,0.683,0.683,2026-06-13,2015
2018-Q4,gdp_qoq,2026-05-30,0.537,0.537,2026-06-13,2015
2019-Q1,gdp_qoq,2026-05-30,1.505,1.505,2026-06-13,2015
2019-Q2,gdp_qoq,2026-05-30,2.622,2.622,2026-06-13,2015
2019-Q3,gdp_qoq,2026-05-30,0.43,0.43,2026-06-13,2015
2019-Q4,gdp_qoq,2026-05-30,-1.666,-1.666,2026-06-13,2015
2020-Q1,gdp_qoq,2026-05-30,-1.199,-1.199,2026-06-13,2015
2020-Q2,gdp_qoq,2026-05-30,-14.716,-14.716,2026-06-13,2015
2020-Q3,gdp_qoq,2026-05-30,18.231,18.231,2026-06-13,2015
2020-Q4,gdp_qoq,2026-05-30,-2.611,-2.611,2026-06-13,2015
2021-Q1,gdp_qoq,2026-05-30,1.431,1.431,2026-06-13,2015
2021-Q2,gdp_qoq,2026-05-30,-0.332,-0.332,2026-06-13,2015
2021-Q3,gdp_qoq,2026-05-30,-2.9,-2.9,2026-06-13,2015
2021-Q4,gdp_qoq,2026-05-30,5.59,5.59,2026-06-13,2015
2022-Q1,gdp_qoq,2026-05-30,2.743,2.743,2026-06-13,2015
2022-Q2,gdp_qoq,2026-05-30,3.588,3.588,2026-06-13,2015
2022-Q3,gdp_qoq,2026-05-30,1.753,1.753,2026-06-13,2015
2022-Q4,gdp_qoq,2026-05-30,-0.397,-0.397,2026-06-13,2015
2023-Q1,gdp_qoq,2026-05-30,0.879,0.879,2026-06-13,2015
2023-Q2,gdp_qoq,2026-05-30,0.262,0.262,2026-06-13,2015
2023-Q3,gdp_qoq,2026-05-30,1.975,1.975,2026-06-13,2015
2023-Q4,gdp_qoq,2026-05-30,0.123,0.123,2026-06-13,2015
2024-Q1,gdp_qoq,2026-05-30,1.85,1.85,2026-06-13,2015
2024-Q2,gdp_qoq,2026-05-30,1.775,1.775,2026-06-13,2015
2024-Q3,gdp_qoq,2026-05-30,1.324,1.324,2026-06-13,2015
2024-Q4,gdp_qoq,2026-05-30,0.311,0.311,2026-06-13,2015
2025-Q1,gdp_qoq,2026-05-30,0.935,0.935,2026-06-13,2015
2025-Q2,gdp_qoq,2026-05-30,1.873,1.873,2026-06-13,2015
2025-Q3,gdp_qoq,2026-05-30,2.02,2.02,2026-06-13,2015
2025-Q4,gdp_qoq,2026-05-30,1.366,1.366,2026-06-13,2015
2026-Q1,gdp_qoq,2026-05-30,-0.012,-0.012,2026-06-13,2015
2016-Q1,gdp_yoy,2026-05-30,4.3,4.3,2026-06-13,2015
2016-Q2,gdp_yoy,2026-05-30,4.2,4.2,2026-06-13,2015
2016-Q3,gdp_yoy,2026-05-30,4.5,4.5,2026-06-13,2015
2016-Q4,gdp_yoy,2026-05-30,4.8,4.8,2026-06-13,2015
2017-Q1,gdp_yoy,2026-05-30,5.6,5.6,2026-06-13,2015
2017-Q2,gdp_yoy,2026-05-30,5.7,5.7,2026-06-13,2015
2017-Q3,gdp_yoy,2026-05-30,6.1,6.1,2026-06-13,2015
2017-Q4,gdp_yoy,2026-05-30,5.8,5.8,2026-06-13,2015
2018-Q1,gdp_yoy,2026-05-30,5.3,5.3,2026-06-13,2015
2018-Q2,gdp_yoy,2026-05-30,4.8,4.8,2026-06-13,2015
2018-Q3,gdp_yoy,2026-05-30,4.5,4.5,2026-06-13,2015
2018-Q4,gdp_yoy,2026-05-30,4.8,4.8,2026-06-13,2015
2019-Q1,gdp_yoy,2026-05-30,4.7,4.7,2026-06-13,2015
2019-Q2,gdp_yoy,2026-05-30,4.9,4.9,2026-06-13,2015
2019-Q3,gdp_yoy,2026-05-30,4.5,4.5,2026-06-13,2015
2019-Q4,gdp_yoy,2026-05-30,3.6,3.6,2026-06-13,2015
2020-Q1,gdp_yoy,2026-05-30,0.7,0.7,2026-06-13,2015
2020-Q2,gdp_yoy,2026-05-30,-16.9,-16.9,2026-06-13,2015
2020-Q3,gdp_yoy,2026-05-30,-2.5,-2.5,2026-06-13,2015
2020-Q4,gdp_yoy,2026-05-30,-3.2,-3.2,2026-06-13,2015
2021-Q1,gdp_yoy,2026-05-30,-0.2,-0.2,2026-06-13,2015
2021-Q2,gdp_yoy,2026-05-30,16.3,16.3,2026-06-13,2015
2021-Q3,gdp_yoy,2026-05-30,-4.2,-4.2,2026-06-13,2015
2021-Q4,gdp_yoy,2026-05-30,3.5,3.5,2026-06-13,2015
2022-Q1,gdp_yoy,2026-05-30,5.1,5.1,2026-06-13,2015
2022-Q2,gdp_yoy,2026-05-30,9.2,9.2,2026-06-13,2015
2022-Q3,gdp_yoy,2026-05-30,14.6,14.6,2026-06-13,2015
2022-Q4,gdp_yoy,2026-05-30,7.4,7.4,2026-06-13,2015
2023-Q1,gdp_yoy,2026-05-30,5.7,5.7,2026-06-13,2015
2023-Q2,gdp_yoy,2026-05-30,2.7,2.7,2026-06-13,2015
2023-Q3,gdp_yoy,2026-05-30,3.1,3.1,2026-06-13,2015
2023-Q4,gdp_yoy,2026-05-30,2.9,2.9,2026-06-13,2015
2024-Q1,gdp_yoy,2026-05-30,4.2,4.2,2026-06-13,2015
2024-Q2,gdp_yoy,2026-05-30,6.0,6.0,2026-06-13,2015
2024-Q3,gdp_yoy,2026-05-30,5.5,5.5,2026-06-13,2015
2024-Q4,gdp_yoy,2026-05-30,5.0,5.0,2026-06-13,2015
2025-Q1,gdp_yoy,2026-05-30,4.4,4.4,2026-06-13,2015
2025-Q2,gdp_yoy,2026-05-30,4.6,4.6,2026-06-13,2015
2025-Q3,gdp_yoy,2026-05-30,5.3,5.3,2026-06-13,2015
2025-Q4,gdp_yoy,2026-05-30,6.2,6.2,2026-06-13,2015
2026-Q1,gdp_yoy,2026-05-30,5.4,5.4,2026-06-13,2015
2016-Q1,consumption_yoy,2026-05-30,5.1,5.1,2026-06-13,2015
2016-Q2,consumption_yoy,2026-05-30,6.1,6.1,2026-06-13,2015
2016-Q3,consumption_yoy,2026-05-30,6.2,6.2,2026-06-13,2015
2016-Q4,consumption_yoy,2026-05-30,6.0,6.0,2026-06-13,2015
2017-Q1,consumption_yoy,2026-05-30,6.6,6.6,2026-06-13,2015
2017-Q2,consumption_yoy,2026-05-30,7.0,7.0,2026-06-13,2015
2017-Q3,consumption_yoy,2026-05-30,7.1,7.1,2026-06-13,2015
2017-Q4,consumption_yoy,2026-05-30,6.9,6.9,2026-06-13,2015
2018-Q1,consumption_yoy,2026-05-30,6.6,6.6,2026-06-13,2015
2018-Q2,consumption_yoy,2026-05-30,8.0,8.0,2026-06-13,2015
2018-Q3,consumption_yoy,2026-05-30,8.9,8.9,2026-06-13,2015
2018-Q4,consumption_yoy,2026-05-30,8.4,8.4,2026-06-13,2015
2019-Q1,consumption_yoy,2026-05-30,7.7,7.7,2026-06-13,2015
2019-Q2,consumption_yoy,2026-05-30,7.8,7.8,2026-06-13,2015
2019-Q3,consumption_yoy,2026-05-30,7.1,7.1,2026-06-13,2015
2019-Q4,consumption_yoy,2026-05-30,8.1,8.1,2026-06-13,2015
2020-Q1,consumption_yoy,2026-05-30,7.2,7.2,2026-06-13,2015
2020-Q2,consumption_yoy,2026-05-30,-18.2,-18.2,2026-06-13,2015
2020-Q3,consumption_yoy,2026-05-30,-1.7,-1.7,2026-06-13,2015
2020-Q4,consumption_yoy,2026-05-30,-3.1,-3.1,2026-06-13,2015
2021-Q1,consumption_yoy,2026-05-30,-1.7,-1.7,2026-06-13,2015
2021-Q2,consumption_yoy,2026-05-30,11.6,11.6,2026-06-13,2015
2021-Q3,consumption_yoy,2026-05-30,-4.1,-4.1,2026-06-13,2015
2021-Q4,consumption_yoy,2026-05-30,3.6,3.6,2026-06-13,2015
2022-Q1,consumption_yoy,2026-05-30,5.6,5.6,2026-06-13,2015
2022-Q2,consumption_yoy,2026-05-30,18.8,18.8,2026-06-13,2015
2022-Q3,consumption_yoy,2026-05-30,15.3,15.3,2026-06-13,2015
2022-Q4,consumption_yoy,2026-05-30,7.0,7.0,2026-06-13,2015
2023-Q1,consumption_yoy,2026-05-30,6.0,6.0,2026-06-13,2015
2023-Q2,consumption_yoy,2026-05-30,4.6,4.6,2026-06-13,2015
2023-Q3,consumption_yoy,2026-05-30,3.9,3.9,2026-06-13,2015
2023-Q4,consumption_yoy,2026-05-30,3.7,3.7,2026-06-13,2015
2024-Q1,consumption_yoy,2026-05-30,4.6,4.6,2026-06-13,2015
2024-Q2,consumption_yoy,2026-05-30,5.7,5.7,2026-06-13,2015
2024-Q3,consumption_yoy,2026-05-30,4.2,4.2,2026-06-13,2015
2024-Q4,consumption_yoy,2026-05-30,4.8,4.8,2026-06-13,2015
2025-Q1,consumption_yoy,2026-05-30,4.8,4.8,2026-06-13,2015
2025-Q2,consumption_yoy,2026-05-30,5.1,5.1,2026-06-13,2015
2025-Q3,consumption_yoy,2026-05-30,5.8,5.8,2026-06-13,2015
2025-Q4,consumption_yoy,2026-05-30,5.6,5.6,2026-06-13,2015
2026-Q1,consumption_yoy,2026-05-30,4.7,4.7,2026-06-13,2015
2016-Q1,investment_yoy,2026-05-30,0.1,0.1,2026-06-13,2015
2016-Q2,investment_yoy,2026-05-30,6.1,6.1,2026-06-13,2015
2016-Q3,investment_yoy,2026-05-30,1.9,1.9,2026-06-13,2015
2016-Q4,investment_yoy,2026-05-30,2.1,2.1,2026-06-13,2015
2017-Q1,investment_yoy,2026-05-30,9.5,9.5,2026-06-13,2015
2017-Q2,investment_yoy,2026-05-30,3.9,3.9,2026-06-13,2015
2017-Q3,investment_yoy,2026-05-30,6.6,6.6,2026-06-13,2015
2017-Q4,investment_yoy,2026-05-30,4.4,4.4,2026-06-13,2015
2018-Q1,investment_yoy,2026-05-30,0.2,0.2,2026-06-13,2015
2018-Q2,investment_yoy,2026-05-30,1.7,1.7,2026-06-13,2015
2018-Q3,investment_yoy,2026-05-30,2.8,2.8,2026-06-13,2015
2018-Q4,investment_yoy,2026-05-30,0.6,0.6,2026-06-13,2015
2019-Q1,investment_yoy,2026-05-30,-3.4,-3.4,2026-06-13,2015
2019-Q2,investment_yoy,2026-05-30,-0.6,-0.6,2026-06-13,2015
2019-Q3,investment_yoy,2026-05-30,-3.7,-3.7,2026-06-13,2015
2019-Q4,investment_yoy,2026-05-30,-0.7,-0.7,2026-06-13,2015
2020-Q1,investment_yoy,2026-05-30,-4.4,-4.4,2026-06-13,2015
2020-Q2,investment_yoy,2026-05-30,-29.0,-29.0,2026-06-13,2015
2020-Q3,investment_yoy,2026-05-30,-11.4,-11.4,2026-06-13,2015
2020-Q4,investment_yoy,2026-05-30,-11.7,-11.7,2026-06-13,2015
2021-Q1,investment_yoy,2026-05-30,-3.1,-3.1,2026-06-13,2015
2021-Q2,investment_yoy,2026-05-30,16.6,16.6,2026-06-13,2015
2021-Q3,investment_yoy,2026-05-30,-10.6,-10.6,2026-06-13,2015
2021-Q4,investment_yoy,2026-05-30,-2.8,-2.8,2026-06-13,2015
2022-Q1,investment_yoy,2026-05-30,0.3,0.3,2026-06-13,2015
2022-Q2,investment_yoy,2026-05-30,5.7,5.7,2026-06-13,2015
2022-Q3,investment_yoy,2026-05-30,13.2,13.2,2026-06-13,2015
2022-Q4,investment_yoy,2026-05-30,8.9,8.9,2026-06-13,2015
2023-Q1,investment_yoy,2026-05-30,5.0,5.0,2026-06-13,2015
2023-Q2,investment_yoy,2026-05-30,5.5,5.5,2026-06-13,2015
2023-Q3,investment_yoy,2026-05-30,5.0,5.0,2026-06-13,2015
2023-Q4,investment_yoy,2026-05-30,6.1,6.1,2026-06-13,2015
2024-Q1,investment_yoy,2026-05-30,10.0,10.0,2026-06-13,2015
2024-Q2,investment_yoy,2026-05-30,11.6,11.6,2026-06-13,2015
2024-Q3,investment_yoy,2026-05-30,15.9,15.9,2026-06-13,2015
2024-Q4,investment_yoy,2026-05-30,11.1,11.1,2026-06-13,2015
2025-Q1,investment_yoy,2026-05-30,9.6,9.6,2026-06-13,2015
2025-Q2,investment_yoy,2026-05-30,12.0,12.0,2026-06-13,2015
2025-Q3,investment_yoy,2026-05-30,7.4,7.4,2026-06-13,2015
2025-Q4,investment_yoy,2026-05-30,9.3,9.3,2026-06-13,2015
2026-Q1,investment_yoy,2026-05-30,7.3,7.3,2026-06-13,2015
2016-Q1,government_yoy,2026-05-30,2.8,2.8,2026-06-13,2015
2016-Q2,government_yoy,2026-05-30,5.6,5.6,2026-06-13,2015
2016-Q3,government_yoy,2026-05-30,2.3,2.3,2026-06-13,2015
2016-Q4,government_yoy,2026-05-30,-4.1,-4.1,2026-06-13,2015
2017-Q1,government_yoy,2026-05-30,7.8,7.8,2026-06-13,2015
2017-Q2,government_yoy,2026-05-30,3.5,3.5,2026-06-13,2015
2017-Q3,government_yoy,2026-05-30,4.2,4.2,2026-06-13,2015
2017-Q4,government_yoy,2026-05-30,7.0,7.0,2026-06-13,2015
2018-Q1,government_yoy,2026-05-30,0.4,0.4,2026-06-13,2015
2018-Q2,government_yoy,2026-05-30,3.2,3.2,2026-06-13,2015
2018-Q3,government_yoy,2026-05-30,5.2,5.2,2026-06-13,2015
2018-Q4,government_yoy,2026-05-30,4.2,4.2,2026-06-13,2015
2019-Q1,government_yoy,2026-05-30,5.9,5.9,2026-06-13,2015
2019-Q2,government_yoy,2026-05-30,0.0,0.0,2026-06-13,2015
2019-Q3,government_yoy,2026-05-30,0.4,0.4,2026-06-13,2015
2019-Q4,government_yoy,2026-05-30,0.6,0.6,2026-06-13,2015
2020-Q1,government_yoy,2026-05-30,5.4,5.4,2026-06-13,2015
2020-Q2,government_yoy,2026-05-30,0.6,0.6,2026-06-13,2015
2020-Q3,government_yoy,2026-05-30,7.9,7.9,2026-06-13,2015
2020-Q4,government_yoy,2026-05-30,2.9,2.9,2026-06-13,2015
2021-Q1,government_yoy,2026-05-30,6.2,6.2,2026-06-13,2015
2021-Q2,government_yoy,2026-05-30,10.6,10.6,2026-06-13,2015
2021-Q3,government_yoy,2026-05-30,1.8,1.8,2026-06-13,2015
2021-Q4,government_yoy,2026-05-30,5.3,5.3,2026-06-13,2015
2022-Q1,government_yoy,2026-05-30,7.4,7.4,2026-06-13,2015
2022-Q2,government_yoy,2026-05-30,3.4,3.4,2026-06-13,2015
2022-Q3,government_yoy,2026-05-30,7.6,7.6,2026-06-13,2015
2022-Q4,government_yoy,2026-05-30,4.5,4.5,2026-06-13,2015
2023-Q1,government_yoy,2026-05-30,-0.4,-0.4,2026-06-13,2015
2023-Q2,government_yoy,2026-05-30,3.7,3.7,2026-06-13,2015
2023-Q3,government_yoy,2026-05-30,5.6,5.6,2026-06-13,2015
2023-Q4,government_yoy,2026-05-30,7.4,7.4,2026-06-13,2015
2024-Q1,government_yoy,2026-05-30,8.6,8.6,2026-06-13,2015
2024-Q2,government_yoy,2026-05-30,2.7,2.7,2026-06-13,2015
2024-Q3,government_yoy,2026-05-30,5.7,5.7,2026-06-13,2015
2024-Q4,government_yoy,2026-05-30,2.1,2.1,2026-06-13,2015
2025-Q1,government_yoy,2026-05-30,2.7,2.7,2026-06-13,2015
2025-Q2,government_yoy,2026-05-30,5.7,5.7,2026-06-13,2015
2025-Q3,government_yoy,2026-05-30,5.8,5.8,2026-06-13,2015
2025-Q4,government_yoy,2026-05-30,6.6,6.6,2026-06-13,2015
2026-Q1,government_yoy,2026-05-30,4.1,4.1,2026-06-13,2015
2016-Q1,exports_comp_yoy,2026-05-30,1.0,1.0,2026-06-13,2015
2016-Q2,exports_comp_yoy,2026-05-30,2.1,2.1,2026-06-13,2015
2016-Q3,exports_comp_yoy,2026-05-30,-0.2,-0.2,2026-06-13,2015
2016-Q4,exports_comp_yoy,2026-05-30,2.4,2.4,2026-06-13,2015
2017-Q1,exports_comp_yoy,2026-05-30,9.9,9.9,2026-06-13,2015
2017-Q2,exports_comp_yoy,2026-05-30,9.3,9.3,2026-06-13,2015
2017-Q3,exports_comp_yoy,2026-05-30,10.6,10.6,2026-06-13,2015
2017-Q4,exports_comp_yoy,2026-05-30,5.1,5.1,2026-06-13,2015
2018-Q1,exports_comp_yoy,2026-05-30,2.3,2.3,2026-06-13,2015
2018-Q2,exports_comp_yoy,2026-05-30,2.0,2.0,2026-06-13,2015
2018-Q3,exports_comp_yoy,2026-05-30,0.5,0.5,2026-06-13,2015
2018-Q4,exports_comp_yoy,2026-05-30,2.9,2.9,2026-06-13,2015
2019-Q1,exports_comp_yoy,2026-05-30,0.3,0.3,2026-06-13,2015
2019-Q2,exports_comp_yoy,2026-05-30,0.6,0.6,2026-06-13,2015
2019-Q3,exports_comp_yoy,2026-05-30,-1.6,-1.6,2026-06-13,2015
2019-Q4,exports_comp_yoy,2026-05-30,-3.3,-3.3,2026-06-13,2015
2020-Q1,exports_comp_yoy,2026-05-30,-7.0,-7.0,2026-06-13,2015
2020-Q2,exports_comp_yoy,2026-05-30,-21.5,-21.5,2026-06-13,2015
2020-Q3,exports_comp_yoy,2026-05-30,-4.2,-4.2,2026-06-13,2015
2020-Q4,exports_comp_yoy,2026-05-30,-1.9,-1.9,2026-06-13,2015
2021-Q1,exports_comp_yoy,2026-05-30,11.8,11.8,2026-06-13,2015
2021-Q2,exports_comp_yoy,2026-05-30,37.0,37.0,2026-06-13,2015
2021-Q3,exports_comp_yoy,2026-05-30,11.1,11.1,2026-06-13,2015
2021-Q4,exports_comp_yoy,2026-05-30,17.7,17.7,2026-06-13,2015
2022-Q1,exports_comp_yoy,2026-05-30,12.3,12.3,2026-06-13,2015
2022-Q2,exports_comp_yoy,2026-05-30,15.4,15.4,2026-06-13,2015
2022-Q3,exports_comp_yoy,2026-05-30,21.9,21.9,2026-06-13,2015
2022-Q4,exports_comp_yoy,2026-05-30,8.8,8.8,2026-06-13,2015
2023-Q1,exports_comp_yoy,2026-05-30,-2.1,-2.1,2026-06-13,2015
2023-Q2,exports_comp_yoy,2026-05-30,-8.9,-8.9,2026-06-13,2015
2023-Q3,exports_comp_yoy,2026-05-30,-12.0,-12.0,2026-06-13,2015
2023-Q4,exports_comp_yoy,2026-05-30,-7.9,-7.9,2026-06-13,2015
2024-Q1,exports_comp_yoy,2026-05-30,5.6,5.6,2026-06-13,2015
2024-Q2,exports_comp_yoy,2026-05-30,8.5,8.5,2026-06-13,2015
2024-Q3,exports_comp_yoy,2026-05-30,11.4,11.4,2026-06-13,2015
2024-Q4,exports_comp_yoy,2026-05-30,8.8,8.8,2026-06-13,2015
2025-Q1,exports_comp_yoy,2026-05-30,4.3,4.3,2026-06-13,2015
2025-Q2,exports_comp_yoy,2026-05-30,4.5,4.5,2026-06-13,2015
2025-Q3,exports_comp_yoy,2026-05-30,4.6,4.6,2026-06-13,2015
2025-Q4,exports_comp_yoy,2026-05-30,6.3,6.3,2026-06-13,2015
2026-Q1,exports_comp_yoy,2026-05-30,5.2,5.2,2026-06-13,2015
2016-Q1,imports_comp_yoy,2026-05-30,2.4,2.4,2026-06-13,2015
2016-Q2,imports_comp_yoy,2026-05-30,2.8,2.8,2026-06-13,2015
2016-Q3,imports_comp_yoy,2026-05-30,-1.4,-1.4,2026-06-13,2015
2016-Q4,imports_comp_yoy,2026-05-30,2.1,2.1,2026-06-13,2015
2017-Q1,imports_comp_yoy,2026-05-30,13.0,13.0,2026-06-13,2015
2017-Q2,imports_comp_yoy,2026-05-30,9.6,9.6,2026-06-13,2015
2017-Q3,imports_comp_yoy,2026-05-30,12.2,12.2,2026-06-13,2015
2017-Q4,imports_comp_yoy,2026-05-30,6.2,6.2,2026-06-13,2015
2018-Q1,imports_comp_yoy,2026-05-30,-2.0,-2.0,2026-06-13,2015
2018-Q2,imports_comp_yoy,2026-05-30,3.7,3.7,2026-06-13,2015
2018-Q3,imports_comp_yoy,2026-05-30,2.3,2.3,2026-06-13,2015
2018-Q4,imports_comp_yoy,2026-05-30,2.0,2.0,2026-06-13,2015
2019-Q1,imports_comp_yoy,2026-05-30,-1.6,-1.6,2026-06-13,2015
2019-Q2,imports_comp_yoy,2026-05-30,-2.3,-2.3,2026-06-13,2015
2019-Q3,imports_comp_yoy,2026-05-30,-3.3,-3.3,2026-06-13,2015
2019-Q4,imports_comp_yoy,2026-05-30,-2.3,-2.3,2026-06-13,2015
2020-Q1,imports_comp_yoy,2026-05-30,-1.9,-1.9,2026-06-13,2015
2020-Q2,imports_comp_yoy,2026-05-30,-18.5,-18.5,2026-06-13,2015
2020-Q3,imports_comp_yoy,2026-05-30,-7.8,-7.8,2026-06-13,2015
2020-Q4,imports_comp_yoy,2026-05-30,-3.4,-3.4,2026-06-13,2015
2021-Q1,imports_comp_yoy,2026-05-30,12.2,12.2,2026-06-13,2015
2021-Q2,imports_comp_yoy,2026-05-30,35.3,35.3,2026-06-13,2015
2021-Q3,imports_comp_yoy,2026-05-30,19.2,19.2,2026-06-13,2015
2021-Q4,imports_comp_yoy,2026-05-30,20.1,20.1,2026-06-13,2015
2022-Q1,imports_comp_yoy,2026-05-30,16.4,16.4,2026-06-13,2015
2022-Q2,imports_comp_yoy,2026-05-30,19.2,19.2,2026-06-13,2015
2022-Q3,imports_comp_yoy,2026-05-30,21.6,21.6,2026-06-13,2015
2022-Q4,imports_comp_yoy,2026-05-30,7.4,7.4,2026-06-13,2015
2023-Q1,imports_comp_yoy,2026-05-30,-4.4,-4.4,2026-06-13,2015
2023-Q2,imports_comp_yoy,2026-05-30,-9.1,-9.1,2026-06-13,2015
2023-Q3,imports_comp_yoy,2026-05-30,-11.0,-11.0,2026-06-13,2015
2023-Q4,imports_comp_yoy,2026-05-30,-2.2,-2.2,2026-06-13,2015
2024-Q1,imports_comp_yoy,2026-05-30,5.6,5.6,2026-06-13,2015
2024-Q2,imports_comp_yoy,2026-05-30,9.0,9.0,2026-06-13,2015
2024-Q3,imports_comp_yoy,2026-05-30,13.3,13.3,2026-06-13,2015
2024-Q4,imports_comp_yoy,2026-05-30,7.0,7.0,2026-06-13,2015
2025-Q1,imports_comp_yoy,2026-05-30,5.2,5.2,2026-06-13,2015
2025-Q2,imports_comp_yoy,2026-05-30,7.9,7.9,2026-06-13,2015
2025-Q3,imports_comp_yoy,2026-05-30,3.0,3.0,2026-06-13,2015
2025-Q4,imports_comp_yoy,2026-05-30,9.0,9.0,2026-06-13,2015
2026-Q1,imports_comp_yoy,2026-05-30,4.6,4.6,2026-06-13,2015
2016-Q1,sector_agriculture_yoy,2026-05-30,-2.2,-2.2,2026-06-13,2015
2016-Q2,sector_agriculture_yoy,2026-05-30,-5.8,-5.8,2026-06-13,2015
2016-Q3,sector_agriculture_yoy,2026-05-30,-4.6,-4.6,2026-06-13,2015
2016-Q4,sector_agriculture_yoy,2026-05-30,-1.7,-1.7,2026-06-13,2015
2017-Q1,sector_agriculture_yoy,2026-05-30,6.6,6.6,2026-06-13,2015
2017-Q2,sector_agriculture_yoy,2026-05-30,4.5,4.5,2026-06-13,2015
2017-Q3,sector_agriculture_yoy,2026-05-30,3.3,3.3,2026-06-13,2015
2017-Q4,sector_agriculture_yoy,2026-05-30,9.4,9.4,2026-06-13,2015
2018-Q1,sector_agriculture_yoy,2026-05-30,3.1,3.1,2026-06-13,2015
2018-Q2,sector_agriculture_yoy,2026-05-30,-1.5,-1.5,2026-06-13,2015
2018-Q3,sector_agriculture_yoy,2026-05-30,-0.6,-0.6,2026-06-13,2015
2018-Q4,sector_agriculture_yoy,2026-05-30,-0.1,-0.1,2026-06-13,2015
2019-Q1,sector_agriculture_yoy,2026-05-30,6.0,6.0,2026-06-13,2015
2019-Q2,sector_agriculture_yoy,2026-05-30,4.2,4.2,2026-06-13,2015
2019-Q3,sector_agriculture_yoy,2026-05-30,3.7,3.7,2026-06-13,2015
2019-Q4,sector_agriculture_yoy,2026-05-30,-5.5,-5.5,2026-06-13,2015
2020-Q1,sector_agriculture_yoy,2026-05-30,-8.8,-8.8,2026-06-13,2015
2020-Q2,sector_agriculture_yoy,2026-05-30,0.6,0.6,2026-06-13,2015
2020-Q3,sector_agriculture_yoy,2026-05-30,-0.5,-0.5,2026-06-13,2015
2020-Q4,sector_agriculture_yoy,2026-05-30,-1.2,-1.2,2026-06-13,2015
2021-Q1,sector_agriculture_yoy,2026-05-30,0.1,0.1,2026-06-13,2015
2021-Q2,sector_agriculture_yoy,2026-05-30,-1.5,-1.5,2026-06-13,2015
2021-Q3,sector_agriculture_yoy,2026-05-30,-2.2,-2.2,2026-06-13,2015
2021-Q4,sector_agriculture_yoy,2026-05-30,2.9,2.9,2026-06-13,2015
2022-Q1,sector_agriculture_yoy,2026-05-30,1.7,1.7,2026-06-13,2015
2022-Q2,sector_agriculture_yoy,2026-05-30,-1.7,-1.7,2026-06-13,2015
2022-Q3,sector_agriculture_yoy,2026-05-30,2.6,2.6,2026-06-13,2015
2022-Q4,sector_agriculture_yoy,2026-05-30,2.6,2.6,2026-06-13,2015
2023-Q1,sector_agriculture_yoy,2026-05-30,1.1,1.1,2026-06-13,2015
2023-Q2,sector_agriculture_yoy,2026-05-30,-1.0,-1.0,2026-06-13,2015
2023-Q3,sector_agriculture_yoy,2026-05-30,0.3,0.3,2026-06-13,2015
2023-Q4,sector_agriculture_yoy,2026-05-30,1.2,1.2,2026-06-13,2015
2024-Q1,sector_agriculture_yoy,2026-05-30,2.1,2.1,2026-06-13,2015
2024-Q2,sector_agriculture_yoy,2026-05-30,7.9,7.9,2026-06-13,2015
2024-Q3,sector_agriculture_yoy,2026-05-30,4.3,4.3,2026-06-13,2015
2024-Q4,sector_agriculture_yoy,2026-05-30,-0.3,-0.3,2026-06-13,2015
2025-Q1,sector_agriculture_yoy,2026-05-30,0.7,0.7,2026-06-13,2015
2025-Q2,sector_agriculture_yoy,2026-05-30,2.5,2.5,2026-06-13,2015
2025-Q3,sector_agriculture_yoy,2026-05-30,0.2,0.2,2026-06-13,2015
2025-Q4,sector_agriculture_yoy,2026-05-30,5.7,5.7,2026-06-13,2015
2026-Q1,sector_agriculture_yoy,2026-05-30,2.6,2.6,2026-06-13,2015
2016-Q1,sector_mining_yoy,2026-05-30,-1.1,-1.1,2026-06-13,2015
2016-Q2,sector_mining_yoy,2026-05-30,2.3,2.3,2026-06-13,2015
2016-Q3,sector_mining_yoy,2026-05-30,2.7,2.7,2026-06-13,2015
2016-Q4,sector_mining_yoy,2026-05-30,5.2,5.2,2026-06-13,2015
2017-Q1,sector_mining_yoy,2026-05-30,1.0,1.0,2026-06-13,2015
2017-Q2,sector_mining_yoy,2026-05-30,-0.5,-0.5,2026-06-13,2015
2017-Q3,sector_mining_yoy,2026-05-30,2.3,2.3,2026-06-13,2015
2017-Q4,sector_mining_yoy,2026-05-30,-0.9,-0.9,2026-06-13,2015
2018-Q1,sector_mining_yoy,2026-05-30,-2.4,-2.4,2026-06-13,2015
2018-Q2,sector_mining_yoy,2026-05-30,-1.3,-1.3,2026-06-13,2015
2018-Q3,sector_mining_yoy,2026-05-30,-4.9,-4.9,2026-06-13,2015
2018-Q4,sector_mining_yoy,2026-05-30,-0.1,-0.1,2026-06-13,2015
2019-Q1,sector_mining_yoy,2026-05-30,0.1,0.1,2026-06-13,2015
2019-Q2,sector_mining_yoy,2026-05-30,2.4,2.4,2026-06-13,2015
2019-Q3,sector_mining_yoy,2026-05-30,-2.8,-2.8,2026-06-13,2015
2019-Q4,sector_mining_yoy,2026-05-30,-2.4,-2.4,2026-06-13,2015
2020-Q1,sector_mining_yoy,2026-05-30,-2.9,-2.9,2026-06-13,2015
2020-Q2,sector_mining_yoy,2026-05-30,-19.2,-19.2,2026-06-13,2015
2020-Q3,sector_mining_yoy,2026-05-30,-6.6,-6.6,2026-06-13,2015
2020-Q4,sector_mining_yoy,2026-05-30,-9.8,-9.8,2026-06-13,2015
2021-Q1,sector_mining_yoy,2026-05-30,-3.3,-3.3,2026-06-13,2015
2021-Q2,sector_mining_yoy,2026-05-30,12.6,12.6,2026-06-13,2015
2021-Q3,sector_mining_yoy,2026-05-30,-3.6,-3.6,2026-06-13,2015
2021-Q4,sector_mining_yoy,2026-05-30,-0.9,-0.9,2026-06-13,2015
2022-Q1,sector_mining_yoy,2026-05-30,-1.0,-1.0,2026-06-13,2015
2022-Q2,sector_mining_yoy,2026-05-30,-1.7,-1.7,2026-06-13,2015
2022-Q3,sector_mining_yoy,2026-05-30,10.4,10.4,2026-06-13,2015
2022-Q4,sector_mining_yoy,2026-05-30,7.3,7.3,2026-06-13,2015
2023-Q1,sector_mining_yoy,2026-05-30,3.0,3.0,2026-06-13,2015
2023-Q2,sector_mining_yoy,2026-05-30,-2.2,-2.2,2026-06-13,2015
2023-Q3,sector_mining_yoy,2026-05-30,-2.0,-2.0,2026-06-13,2015
2023-Q4,sector_mining_yoy,2026-05-30,3.1,3.1,2026-06-13,2015
2024-Q1,sector_mining_yoy,2026-05-30,4.1,4.1,2026-06-13,2015
2024-Q2,sector_mining_yoy,2026-05-30,2.7,2.7,2026-06-13,2015
2024-Q3,sector_mining_yoy,2026-05-30,-2.4,-2.4,2026-06-13,2015
2024-Q4,sector_mining_yoy,2026-05-30,0.2,0.2,2026-06-13,2015
2025-Q1,sector_mining_yoy,2026-05-30,-2.6,-2.6,2026-06-13,2015
2025-Q2,sector_mining_yoy,2026-05-30,-5.2,-5.2,2026-06-13,2015
2025-Q3,sector_mining_yoy,2026-05-30,9.4,9.4,2026-06-13,2015
2025-Q4,sector_mining_yoy,2026-05-30,1.4,1.4,2026-06-13,2015
2026-Q1,sector_mining_yoy,2026-05-30,-2.1,-2.1,2026-06-13,2015
2016-Q1,sector_manufacturing_yoy,2026-05-30,4.5,4.5,2026-06-13,2015
2016-Q2,sector_manufacturing_yoy,2026-05-30,3.8,3.8,2026-06-13,2015
2016-Q3,sector_manufacturing_yoy,2026-05-30,4.2,4.2,2026-06-13,2015
2016-Q4,sector_manufacturing_yoy,2026-05-30,5.1,5.1,2026-06-13,2015
2017-Q1,sector_manufacturing_yoy,2026-05-30,5.9,5.9,2026-06-13,2015
2017-Q2,sector_manufacturing_yoy,2026-05-30,6.0,6.0,2026-06-13,2015
2017-Q3,sector_manufacturing_yoy,2026-05-30,7.0,7.0,2026-06-13,2015
2017-Q4,sector_manufacturing_yoy,2026-05-30,5.3,5.3,2026-06-13,2015
2018-Q1,sector_manufacturing_yoy,2026-05-30,5.2,5.2,2026-06-13,2015
2018-Q2,sector_manufacturing_yoy,2026-05-30,4.8,4.8,2026-06-13,2015
2018-Q3,sector_manufacturing_yoy,2026-05-30,5.0,5.0,2026-06-13,2015
2018-Q4,sector_manufacturing_yoy,2026-05-30,4.7,4.7,2026-06-13,2015
2019-Q1,sector_manufacturing_yoy,2026-05-30,4.1,4.1,2026-06-13,2015
2019-Q2,sector_manufacturing_yoy,2026-05-30,4.3,4.3,2026-06-13,2015
2019-Q3,sector_manufacturing_yoy,2026-05-30,3.6,3.6,2026-06-13,2015
2019-Q4,sector_manufacturing_yoy,2026-05-30,3.0,3.0,2026-06-13,2015
2020-Q1,sector_manufacturing_yoy,2026-05-30,1.3,1.3,2026-06-13,2015
2020-Q2,sector_manufacturing_yoy,2026-05-30,-18.6,-18.6,2026-06-13,2015
2020-Q3,sector_manufacturing_yoy,2026-05-30,3.2,3.2,2026-06-13,2015
2020-Q4,sector_manufacturing_yoy,2026-05-30,3.0,3.0,2026-06-13,2015
2021-Q1,sector_manufacturing_yoy,2026-05-30,6.6,6.6,2026-06-13,2015
2021-Q2,sector_manufacturing_yoy,2026-05-30,26.7,26.7,2026-06-13,2015
2021-Q3,sector_manufacturing_yoy,2026-05-30,-0.9,-0.9,2026-06-13,2015
2021-Q4,sector_manufacturing_yoy,2026-05-30,9.1,9.1,2026-06-13,2015
2022-Q1,sector_manufacturing_yoy,2026-05-30,6.7,6.7,2026-06-13,2015
2022-Q2,sector_manufacturing_yoy,2026-05-30,9.3,9.3,2026-06-13,2015
2022-Q3,sector_manufacturing_yoy,2026-05-30,13.2,13.2,2026-06-13,2015
2022-Q4,sector_manufacturing_yoy,2026-05-30,4.0,4.0,2026-06-13,2015
2023-Q1,sector_manufacturing_yoy,2026-05-30,3.2,3.2,2026-06-13,2015
2023-Q2,sector_manufacturing_yoy,2026-05-30,0.1,0.1,2026-06-13,2015
2023-Q3,sector_manufacturing_yoy,2026-05-30,-0.1,-0.1,2026-06-13,2015
2023-Q4,sector_manufacturing_yoy,2026-05-30,-0.3,-0.3,2026-06-13,2015
2024-Q1,sector_manufacturing_yoy,2026-05-30,2.1,2.1,2026-06-13,2015
2024-Q2,sector_manufacturing_yoy,2026-05-30,4.7,4.7,2026-06-13,2015
2024-Q3,sector_manufacturing_yoy,2026-05-30,5.6,5.6,2026-06-13,2015
2024-Q4,sector_manufacturing_yoy,2026-05-30,4.2,4.2,2026-06-13,2015
2025-Q1,sector_manufacturing_yoy,2026-05-30,4.2,4.2,2026-06-13,2015
2025-Q2,sector_manufacturing_yoy,2026-05-30,3.7,3.7,2026-06-13,2015
2025-Q3,sector_manufacturing_yoy,2026-05-30,4.1,4.1,2026-06-13,2015
2025-Q4,sector_manufacturing_yoy,2026-05-30,6.0,6.0,2026-06-13,2015
2026-Q1,sector_manufacturing_yoy,2026-05-30,5.9,5.9,2026-06-13,2015
2016-Q1,sector_construction_yoy,2026-05-30,8.0,8.0,2026-06-13,2015
2016-Q2,sector_construction_yoy,2026-05-30,8.9,8.9,2026-06-13,2015
2016-Q3,sector_construction_yoy,2026-05-30,8.0,8.0,2026-06-13,2015
2016-Q4,sector_construction_yoy,2026-05-30,5.0,5.0,2026-06-13,2015
2017-Q1,sector_construction_yoy,2026-05-30,6.8,6.8,2026-06-13,2015
2017-Q2,sector_construction_yoy,2026-05-30,8.3,8.3,2026-06-13,2015
2017-Q3,sector_construction_yoy,2026-05-30,6.2,6.2,2026-06-13,2015
2017-Q4,sector_construction_yoy,2026-05-30,5.9,5.9,2026-06-13,2015
2018-Q1,sector_construction_yoy,2026-05-30,4.9,4.9,2026-06-13,2015
2018-Q2,sector_construction_yoy,2026-05-30,4.8,4.8,2026-06-13,2015
2018-Q3,sector_construction_yoy,2026-05-30,4.7,4.7,2026-06-13,2015
2018-Q4,sector_construction_yoy,2026-05-30,2.5,2.5,2026-06-13,2015
2019-Q1,sector_construction_yoy,2026-05-30,0.6,0.6,2026-06-13,2015
2019-Q2,sector_construction_yoy,2026-05-30,1.1,1.1,2026-06-13,2015
2019-Q3,sector_construction_yoy,2026-05-30,-1.4,-1.4,2026-06-13,2015
2019-Q4,sector_construction_yoy,2026-05-30,1.3,1.3,2026-06-13,2015
2020-Q1,sector_construction_yoy,2026-05-30,-7.9,-7.9,2026-06-13,2015
2020-Q2,sector_construction_yoy,2026-05-30,-44.3,-44.3,2026-06-13,2015
2020-Q3,sector_construction_yoy,2026-05-30,-12.2,-12.2,2026-06-13,2015
2020-Q4,sector_construction_yoy,2026-05-30,-13.7,-13.7,2026-06-13,2015
2021-Q1,sector_construction_yoy,2026-05-30,-10.5,-10.5,2026-06-13,2015
2021-Q2,sector_construction_yoy,2026-05-30,40.3,40.3,2026-06-13,2015
2021-Q3,sector_construction_yoy,2026-05-30,-20.6,-20.6,2026-06-13,2015
2021-Q4,sector_construction_yoy,2026-05-30,-12.1,-12.1,2026-06-13,2015
2022-Q1,sector_construction_yoy,2026-05-30,-6.0,-6.0,2026-06-13,2015
2022-Q2,sector_construction_yoy,2026-05-30,2.7,2.7,2026-06-13,2015
2022-Q3,sector_construction_yoy,2026-05-30,15.2,15.2,2026-06-13,2015
2022-Q4,sector_construction_yoy,2026-05-30,10.3,10.3,2026-06-13,2015
2023-Q1,sector_construction_yoy,2026-05-30,7.1,7.1,2026-06-13,2015
2023-Q2,sector_construction_yoy,2026-05-30,5.8,5.8,2026-06-13,2015
2023-Q3,sector_construction_yoy,2026-05-30,7.6,7.6,2026-06-13,2015
2023-Q4,sector_construction_yoy,2026-05-30,3.3,3.3,2026-06-13,2015
2024-Q1,sector_construction_yoy,2026-05-30,11.8,11.8,2026-06-13,2015
2024-Q2,sector_construction_yoy,2026-05-30,17.5,17.5,2026-06-13,2015
2024-Q3,sector_construction_yoy,2026-05-30,20.1,20.1,2026-06-13,2015
2024-Q4,sector_construction_yoy,2026-05-30,20.9,20.9,2026-06-13,2015
2025-Q1,sector_construction_yoy,2026-05-30,14.2,14.2,2026-06-13,2015
2025-Q2,sector_construction_yoy,2026-05-30,12.1,12.1,2026-06-13,2015
2025-Q3,sector_construction_yoy,2026-05-30,11.7,11.7,2026-06-13,2015
2025-Q4,sector_construction_yoy,2026-05-30,10.9,10.9,2026-06-13,2015
2026-Q1,sector_construction_yoy,2026-05-30,7.7,7.7,2026-06-13,2015
2016-Q1,sector_services_yoy,2026-05-30,5.2,5.2,2026-06-13,2015
2016-Q2,sector_services_yoy,2026-05-30,5.8,5.8,2026-06-13,2015
2016-Q3,sector_services_yoy,2026-05-30,6.2,6.2,2026-06-13,2015
2016-Q4,sector_services_yoy,2026-05-30,5.6,5.6,2026-06-13,2015
2017-Q1,sector_services_yoy,2026-05-30,5.9,5.9,2026-06-13,2015
2017-Q2,sector_services_yoy,2026-05-30,6.4,6.4,2026-06-13,2015
2017-Q3,sector_services_yoy,2026-05-30,6.6,6.6,2026-06-13,2015
2017-Q4,sector_services_yoy,2026-05-30,6.3,6.3,2026-06-13,2015
2018-Q1,sector_services_yoy,2026-05-30,6.6,6.6,2026-06-13,2015
2018-Q2,sector_services_yoy,2026-05-30,6.6,6.6,2026-06-13,2015
2018-Q3,sector_services_yoy,2026-05-30,7.3,7.3,2026-06-13,2015
2018-Q4,sector_services_yoy,2026-05-30,6.9,6.9,2026-06-13,2015
2019-Q1,sector_services_yoy,2026-05-30,6.4,6.4,2026-06-13,2015
2019-Q2,sector_services_yoy,2026-05-30,6.1,6.1,2026-06-13,2015
2019-Q3,sector_services_yoy,2026-05-30,5.9,5.9,2026-06-13,2015
2019-Q4,sector_services_yoy,2026-05-30,6.2,6.2,2026-06-13,2015
2020-Q1,sector_services_yoy,2026-05-30,3.2,3.2,2026-06-13,2015
2020-Q2,sector_services_yoy,2026-05-30,-15.9,-15.9,2026-06-13,2015
2020-Q3,sector_services_yoy,2026-05-30,-3.6,-3.6,2026-06-13,2015
2020-Q4,sector_services_yoy,2026-05-30,-4.5,-4.5,2026-06-13,2015
2021-Q1,sector_services_yoy,2026-05-30,-2.0,-2.0,2026-06-13,2015
2021-Q2,sector_services_yoy,2026-05-30,14.0,14.0,2026-06-13,2015
2021-Q3,sector_services_yoy,2026-05-30,-4.4,-4.4,2026-06-13,2015
2021-Q4,sector_services_yoy,2026-05-30,3.3,3.3,2026-06-13,2015
2022-Q1,sector_services_yoy,2026-05-30,6.5,6.5,2026-06-13,2015
2022-Q2,sector_services_yoy,2026-05-30,12.6,12.6,2026-06-13,2015
2022-Q3,sector_services_yoy,2026-05-30,17.2,17.2,2026-06-13,2015
2022-Q4,sector_services_yoy,2026-05-30,9.3,9.3,2026-06-13,2015
2023-Q1,sector_services_yoy,2026-05-30,7.3,7.3,2026-06-13,2015
2023-Q2,sector_services_yoy,2026-05-30,4.4,4.4,2026-06-13,2015
2023-Q3,sector_services_yoy,2026-05-30,5.0,5.0,2026-06-13,2015
2023-Q4,sector_services_yoy,2026-05-30,4.2,4.2,2026-06-13,2015
2024-Q1,sector_services_yoy,2026-05-30,4.8,4.8,2026-06-13,2015
2024-Q2,sector_services_yoy,2026-05-30,6.0,6.0,2026-06-13,2015
2024-Q3,sector_services_yoy,2026-05-30,5.2,5.2,2026-06-13,2015
2024-Q4,sector_services_yoy,2026-05-30,5.4,5.4,2026-06-13,2015
2025-Q1,sector_services_yoy,2026-05-30,5.1,5.1,2026-06-13,2015
2025-Q2,sector_services_yoy,2026-05-30,5.1,5.1,2026-06-13,2015
2025-Q3,sector_services_yoy,2026-05-30,5.3,5.3,2026-06-13,2015
2025-Q4,sector_services_yoy,2026-05-30,6.2,6.2,2026-06-13,2015
2026-Q1,sector_services_yoy,2026-05-30,5.6,5.6,2026-06-13,2015
