date,dfm,bvar,beq,ensemble,actual_gdp_pct,investment,exports_comp,imports_comp,investment_actual,exports_comp_actual,imports_comp_actual,dfm_backcast,dfm_forecast,bvar_backcast,bvar_forecast,beq_backcast,beq_forecast,consumption,government,consumption_actual,government_actual,imports_identity,ar1,consumption_ar1,investment_ar1,government_ar1,exports_comp_ar1,imports_comp_ar1,consumption_bvar,investment_bvar,government_bvar,exports_comp_bvar,imports_comp_bvar,consumption_beq,investment_beq,government_beq,exports_comp_beq,imports_comp_beq,consumption_naive,investment_naive,government_naive,exports_comp_naive,imports_comp_naive,naive,bvar_ci_10,bvar_ci_90,consumption_dfm,investment_dfm,government_dfm,exports_comp_dfm,imports_comp_dfm,actual_yoy_gdp,dfm_yoy,bvar_yoy,ensemble_yoy,sector_actuals,sector_agriculture,sector_mining,sector_manufacturing,sector_construction,sector_services,target_quarter,dfm_qoq,dfm_backcast_qoq,dfm_forecast_qoq,bvar_qoq,bvar_backcast_qoq,bvar_forecast_qoq,beq_qoq,beq_backcast_qoq,beq_forecast_qoq,ensemble_qoq,actual,actual_qoq,ar1_yoy,sector_actuals_json
2026-05-26,2.14,0.92,1.09,1.09,-0.01,5.24,4.05,4.7,7.3,5.2,4.6,1.78,1.18,0.99,0.53,1.05,1.05,7.47,4.65,4.7,4.1,10.99,1.46,5.12,5.41,4.26,4.93,4.75,4.73,6.92,4.14,4.79,4.83,,,,,,,,,,,,,,,,,,,,,,,,,,,,,2026-Q2,,,,,,,,,,,,,,
2026-05-27,2.39,0.91,1.07,1.07,-0.01,7.31,5.17,4.58,7.3,5.2,4.6,2.06,1.12,0.95,0.53,1.06,1.06,4.71,4.12,4.7,4.1,9.75,1.46,5.12,5.41,4.26,4.93,4.75,,,,,,,,,,,4.7,7.3,4.1,5.2,4.6,-0.01,-2.03,-2.01,5.17,5.24,4.65,4.07,4.71,,,,,,,,,,,2026-Q2,,,,,,,,,,,,,,
2026-05-28,9.86,4.17,1.08,7.02,-0.01,7.31,5.16,4.58,7.3,5.2,4.6,2.3,0.14,0.93,0.52,1.05,1.05,4.75,4.13,4.7,4.1,4.33,1.46,5.12,5.41,4.26,4.93,4.75,,,,,,,,,,,4.7,7.3,4.1,5.2,4.6,-0.01,-2.02,-2.01,5.21,5.25,4.65,4.11,4.71,5.4,9.86,4.17,7.02,"{'agriculture': np.float64(2.6), 'mining': np.float64(-2.1), 'manufacturing': np.float64(5.9), 'construction': np.float64(7.7), 'services': np.float64(5.6)}",,,,,,2026-Q2,5.79,,,0.9,,,,,,1.38,,,,
2026-05-29,8.21,4.19,1.07,6.2,-0.01,9.31,6.27,8.98,7.3,5.2,4.6,1.4,2.36,0.96,0.74,1.06,1.06,6.05,6.58,4.7,4.1,13.7,1.46,5.12,5.41,4.26,4.93,4.75,,,,,,,,,,,4.7,7.3,4.1,5.2,4.6,-0.01,,,5.01,4.23,4.72,4.05,4.72,5.4,8.21,4.19,6.2,"{'agriculture': np.float64(2.6), 'mining': np.float64(-2.1), 'manufacturing': np.float64(5.9), 'construction': np.float64(7.7), 'services': np.float64(5.6)}",,,,,,2026-Q2,2.23,,,0.95,,,,,,1.04,,,,
2026-05-30,9.04,4.08,,6.56,-0.01,9.12,6.34,9.08,7.3,5.2,4.6,5.27,,3.39,,,,4.92,6.63,4.7,4.1,,1.46,5.12,5.41,4.26,4.93,4.75,,,,,,6.22,6.68,6.25,3.72,8.26,4.7,7.3,4.1,5.2,4.6,-0.01,,,10.3,1.56,4.87,10.25,14.25,5.4,,,,"{""agriculture"": 2.6, ""mining"": -2.1, ""manufacturing"": 5.9, ""construction"": 7.7, ""services"": 5.6}",0.85,-1.05,4.26,4.24,8.49,2026-Q2,2.69,-0.02,3.35,,0.86,0.6,1.08,1.04,1.02,1.89,5.4,,,
2026-06-01,8.52,3.88,,6.2,-0.01,9.12,6.74,8.39,7.3,5.2,4.6,4.78,,3.36,,,,4.8,6.63,4.7,4.1,,1.46,5.12,5.41,4.26,4.93,4.75,,,,,,6.16,6.68,6.25,3.7,8.26,4.7,7.3,4.1,5.2,4.6,-0.01,,,10.51,2.23,4.87,10.38,14.58,5.4,,,,"{""agriculture"": 2.6, ""mining"": -2.1, ""manufacturing"": 5.9, ""construction"": 7.7, ""services"": 5.6}",0.85,-1.05,4.28,4.23,8.48,2026-Q2,2.69,0.72,2.27,,0.78,0.67,1.08,1.05,1.02,1.89,5.4,,,
2026-06-02,8.59,,,,-0.01,,,,7.3,5.2,4.6,4.79,,5.4,,,,,5.81,4.7,4.1,,1.46,5.12,5.41,4.26,4.93,4.75,,,,,,6.16,6.68,6.25,3.9,8.26,4.7,7.3,4.1,5.2,4.6,-0.01,,,10.44,2.23,4.87,10.17,14.63,5.4,,,,"{""agriculture"": 2.6, ""mining"": -2.1, ""manufacturing"": 5.9, ""construction"": 7.7, ""services"": 5.6}",0.85,-1.05,4.27,4.23,8.48,2026-Q2,2.79,0.73,2.24,,,,1.08,1.05,1.02,,5.4,,,
2026-06-03,6.25,5.1,,5.67,-0.01,7.5,5.93,7.38,7.3,5.2,4.6,5.82,,3.88,,,,5.6,5.83,4.7,4.1,,1.46,5.12,5.41,4.26,4.93,4.75,,,,,,6.13,7.16,7.47,3.88,8.77,4.7,7.3,4.1,5.2,4.6,-0.01,,,8.77,1.55,5.52,1.91,5.93,5.4,,,,"{""agriculture"": 2.6, ""mining"": -2.1, ""manufacturing"": 5.9, ""construction"": 7.7, ""services"": 5.6}",0.85,-1.05,4.05,9.62,8.22,2026-Q2,5.43,0.38,1.23,,1.18,1.2,1.08,1.04,1.02,3.25,5.4,,5.4,
2026-06-04,5.62,,,5.62,-0.01,1.01,1.27,3.31,7.3,5.2,4.6,5.8,,,,,,8.5,6.48,4.7,4.1,,1.46,5.12,5.41,4.26,4.93,4.75,,,,,,6.06,6.91,7.39,3.83,8.29,4.7,7.3,4.1,5.2,4.6,-0.01,,,8.5,1.01,6.48,1.27,3.31,5.4,,,,,0.85,-1.05,4.07,9.34,8.22,2026-Q2,5.36,0.39,1.34,,,,1.07,1.04,1.02,3.22,5.4,,5.4,"{""agriculture"": 2.6, ""mining"": -2.1, ""manufacturing"": 5.9, ""construction"": 7.7, ""services"": 5.6}"
2026-06-05,5.41,,,5.41,-0.01,1.01,1.28,5.82,7.3,5.2,4.6,5.79,,,,,,8.41,6.48,4.7,4.1,,1.46,5.12,5.41,4.26,4.93,4.75,,,,,,6.06,6.91,7.39,3.77,8.64,4.7,7.3,4.1,5.2,4.6,-0.01,,,8.41,1.01,6.48,1.28,5.82,5.4,,,,,0.85,-1.05,4.07,9.34,8.22,2026-Q2,5.24,0.37,1.31,,,,1.07,1.04,1.02,3.16,5.4,,5.4,"{""agriculture"": 2.6, ""mining"": -2.1, ""manufacturing"": 5.9, ""construction"": 7.7, ""services"": 5.6}"
2026-06-06,10.64,5.13,,7.88,-0.01,7.51,6.06,7.39,7.3,5.2,4.6,6.56,,3.88,,,,5.6,5.83,4.7,4.1,,1.46,5.12,5.41,4.26,4.93,4.75,,,,,,6.38,6.91,7.39,4.12,8.79,4.7,7.3,4.1,5.2,4.6,-0.01,,,15.48,1.01,6.48,4.95,6.01,5.4,,,,,0.85,-1.05,4.74,9.34,8.22,2026-Q2,3.83,1.65,0.32,,1.34,1.2,1.08,1.04,1.02,2.46,5.4,,5.4,"{""agriculture"": 2.6, ""mining"": -2.1, ""manufacturing"": 5.9, ""construction"": 7.7, ""services"": 5.6}"
2026-06-07,10.66,5.13,,7.89,-0.01,7.51,6.14,7.39,7.3,5.2,4.6,6.56,,3.88,,,,5.6,5.83,4.7,4.1,,1.46,5.12,5.41,4.26,4.93,4.75,,,,,,6.38,6.91,7.39,4.12,8.79,4.7,7.3,4.1,5.2,4.6,-0.01,,,15.51,1.01,6.48,4.99,6.02,5.4,,,,,0.85,-1.05,4.74,9.34,8.22,2026-Q2,3.84,1.65,0.32,,1.34,1.2,1.08,1.04,1.02,2.46,5.4,,5.4,"{""agriculture"": 2.6, ""mining"": -2.1, ""manufacturing"": 5.9, ""construction"": 7.7, ""services"": 5.6}"
2026-06-08,10.61,5.12,,7.87,-0.01,7.51,6.12,7.36,7.3,5.2,4.6,6.57,,3.88,,,,5.6,5.83,4.7,4.1,,1.46,5.12,5.41,4.26,4.93,4.75,,,,,,6.42,6.91,7.39,4.11,8.79,4.7,7.3,4.1,5.2,4.6,-0.01,,,16.13,1.01,6.48,4.9,6.11,5.4,,,,,0.85,-1.05,4.77,9.34,8.22,2026-Q2,3.6,1.64,0.4,,1.34,1.2,1.08,1.04,1.01,2.34,5.4,,5.4,"{""agriculture"": 2.6, ""mining"": -2.1, ""manufacturing"": 5.9, ""construction"": 7.7, ""services"": 5.6}"
2026-06-09,9.28,5.14,,7.21,-0.01,7.57,6.19,7.37,7.3,5.2,4.6,6.64,,3.87,,,,5.6,5.83,4.7,4.1,,1.46,5.12,5.41,4.26,4.93,4.75,,,,,,6.45,6.69,7.31,4.06,8.83,4.7,7.3,4.1,5.2,4.6,-0.01,,,14.94,-1.71,6.27,-0.22,6.11,5.4,,,,,0.85,-1.05,4.55,9.16,8.22,2026-Q2,2.97,1.54,0.94,,1.35,1.2,1.08,1.04,1.01,2.03,5.4,,5.4,"{""agriculture"": 2.6, ""mining"": -2.1, ""manufacturing"": 5.9, ""construction"": 7.7, ""services"": 5.6}"
2026-06-10,4.45,5.14,,4.79,-0.01,7.57,6.19,7.38,7.3,5.2,4.6,6.94,,3.87,,,,5.6,5.83,4.7,4.1,,1.46,5.12,5.41,4.26,4.93,4.75,,,,,,6.47,6.69,7.31,4.06,8.83,4.7,7.3,4.1,5.2,4.6,-0.01,,,14.9,-1.64,6.28,0.42,6.07,5.4,,,,,0.85,-1.05,4.65,9.16,8.22,2026-Q2,2.95,1.48,0.79,,1.34,1.21,1.08,1.04,1.01,2.02,5.4,,5.4,"{""agriculture"": 2.6, ""mining"": -2.1, ""manufacturing"": 5.9, ""construction"": 7.7, ""services"": 5.6}"
2026-06-11,9.51,5.13,,7.32,-0.01,7.57,6.09,7.36,7.3,5.2,4.6,6.67,,3.87,,,,5.59,5.83,4.7,4.1,,1.46,5.12,5.41,4.26,4.93,4.75,,,,,,6.54,6.69,7.31,4.06,8.92,4.7,7.3,4.1,5.2,4.6,-0.01,,,15.95,-1.62,6.28,2.47,6.25,5.4,,,,,0.85,-1.05,4.93,9.16,8.22,2026-Q2,3.23,1.53,0.64,,1.36,1.2,1.08,1.04,1.01,2.16,5.4,,5.4,"{""agriculture"": 2.6, ""mining"": -2.1, ""manufacturing"": 5.9, ""construction"": 7.7, ""services"": 5.6}"
2026-06-12,4.54,5.14,,4.84,-0.01,7.57,6.19,7.4,7.3,5.2,4.6,6.9,,3.87,,,,5.6,5.83,4.7,4.1,,1.46,5.12,5.41,4.26,4.93,4.75,,,,,,6.18,6.69,8.17,3.92,8.92,4.7,7.3,4.1,5.2,4.6,-0.01,,,13.94,-1.8,3.56,-1.56,6.08,5.4,,,,,0.85,-1.05,4.47,9.15,7.62,2026-Q2,2.34,1.28,1.18,,1.36,1.2,1.07,1.04,1.02,1.71,5.4,,5.4,"{""agriculture"": 2.6, ""mining"": -2.1, ""manufacturing"": 5.9, ""construction"": 7.7, ""services"": 5.6}"
2026-06-13,5.84,5.13,,5.48,-0.01,7.56,6.19,7.42,7.3,5.2,4.6,6.53,,3.88,,,,5.59,5.83,4.7,4.1,,1.46,5.12,5.41,4.26,4.93,4.75,,,,,,6.16,6.69,8.19,3.92,8.92,4.7,7.3,4.1,5.2,4.6,-0.01,,,14.02,0.44,3.64,-4.19,5.98,5.4,,,,,0.83,-1.05,4.37,9.15,7.59,2026-Q2,2.27,1.14,1.32,,1.37,1.2,1.07,1.04,1.02,1.67,5.4,,5.4,"{""agriculture"": 2.6, ""mining"": -2.1, ""manufacturing"": 5.9, ""construction"": 7.7, ""services"": 5.6}"
2026-06-14,6.14,5.13,,5.63,-0.01,7.56,6.1,7.39,7.3,5.2,4.6,6.57,,3.88,,,,5.59,5.83,4.7,4.1,,1.46,5.12,5.41,4.26,4.93,4.75,,,,,,6.17,6.69,8.19,3.92,9.02,4.7,7.3,4.1,5.2,4.6,-0.01,,,14.1,0.44,3.64,-3.43,6.19,5.4,,,,,0.83,-1.05,4.37,9.15,7.59,2026-Q2,2.27,1.13,1.31,,1.37,1.2,1.07,1.04,1.02,1.67,5.4,,5.4,"{""agriculture"": 2.6, ""mining"": -2.1, ""manufacturing"": 5.9, ""construction"": 7.7, ""services"": 5.6}"
2026-06-15,6.83,5.13,,5.98,-0.01,7.56,6.11,7.43,7.3,5.2,4.6,6.63,,3.88,,,,5.58,5.83,4.7,4.1,,1.46,5.12,5.41,4.26,4.93,4.75,,,,,,6.12,6.69,8.19,4.06,9.02,4.7,7.3,4.1,5.2,4.6,-0.01,,,13.26,0.44,3.64,-3.03,6.08,5.4,,,,,0.83,-1.05,4.34,9.15,7.59,2026-Q2,2.42,1.08,1.22,,1.37,1.2,1.07,1.04,1.02,1.75,5.4,,5.4,"{""agriculture"": 2.6, ""mining"": -2.1, ""manufacturing"": 5.9, ""construction"": 7.7, ""services"": 5.6}"
2026-06-16,5.1,5.13,,5.12,-0.01,7.55,6.11,7.43,7.3,5.2,4.6,6.58,,3.88,,,,5.59,5.83,4.7,4.1,,1.46,5.12,5.41,4.26,4.93,4.75,,,,,,6.07,6.69,8.21,3.5,9.02,4.7,7.3,4.1,5.2,4.6,-0.01,,,11.9,0.89,3.74,-4.14,4.44,5.4,,,,,0.83,-1.05,4.0,9.18,7.59,2026-Q2,2.3,1.04,1.43,,1.36,1.2,1.07,1.04,1.02,1.69,5.4,,5.4,"{""agriculture"": 2.6, ""mining"": -2.1, ""manufacturing"": 5.9, ""construction"": 7.7, ""services"": 5.6}"
2026-06-17,8.46,5.12,,6.79,-0.01,7.55,6.19,7.46,7.3,5.2,4.6,6.64,,3.89,,,,5.58,5.83,4.7,4.1,,1.46,5.12,5.41,4.26,4.93,4.75,,,,,,6.11,6.69,8.21,4.06,9.02,4.7,7.3,4.1,5.2,4.6,-0.01,,,12.46,1.05,3.73,-1.2,4.32,5.4,,,,,0.83,-1.05,4.23,9.07,7.59,2026-Q2,2.48,1.02,1.09,,1.38,1.2,1.07,1.04,1.02,1.77,5.4,,5.4,"{""agriculture"": 2.6, ""mining"": -2.1, ""manufacturing"": 5.9, ""construction"": 7.7, ""services"": 5.6}"
2026-06-18,7.25,5.13,,6.19,-0.01,7.55,6.14,7.49,7.3,5.2,4.6,6.63,,3.88,,,,5.6,5.83,4.7,4.1,,1.46,5.12,5.41,4.26,4.93,4.75,,,,,,6.07,6.69,8.21,4.0,8.92,4.7,7.3,4.1,5.2,4.6,-0.01,,,11.91,1.05,3.73,-2.91,4.01,5.4,,,,,0.83,-1.05,4.28,9.07,7.59,2026-Q2,2.58,1.02,1.06,,1.38,1.2,1.07,1.04,1.02,1.83,5.4,,5.4,"{""agriculture"": 2.6, ""mining"": -2.1, ""manufacturing"": 5.9, ""construction"": 7.7, ""services"": 5.6}"
2026-06-19,11.06,5.08,4.59,5.08,-0.01,7.65,6.13,7.35,7.3,5.2,4.6,5.46,,3.78,,,,5.56,5.83,4.7,4.1,,1.46,5.12,5.41,4.26,4.93,4.75,,,,,,5.97,6.26,5.81,3.79,8.95,4.7,7.3,4.1,5.2,4.6,-0.01,,,11.14,-6.82,3.3,-0.45,5.87,5.4,,,,,0.88,-1.01,3.94,-3.02,7.93,2026-Q2,6.55,0.47,-0.41,1.06,1.34,1.2,1.05,1.05,1.01,1.06,5.4,,5.4,"{""agriculture"": 2.6, ""mining"": -2.1, ""manufacturing"": 5.9, ""construction"": 7.7, ""services"": 5.6}"
2026-06-20,11.9,5.12,4.61,5.12,-0.01,7.65,6.27,7.35,7.3,5.2,4.6,5.46,,3.88,,,,5.55,5.83,4.7,4.1,,1.46,5.12,5.41,4.26,4.93,4.75,,,,,,6.06,6.26,5.81,4.06,8.95,4.7,7.3,4.1,5.2,4.6,-0.01,,,11.15,-6.82,3.3,0.64,5.87,5.4,,,,,0.88,-1.01,4.27,-3.02,7.93,2026-Q2,6.39,0.44,-0.56,1.07,1.35,1.2,1.06,1.05,1.01,1.07,5.4,,5.4,"{""agriculture"": 2.6, ""mining"": -2.1, ""manufacturing"": 5.9, ""construction"": 7.7, ""services"": 5.6}"
2026-06-21,11.2,5.12,4.58,5.12,-0.01,7.65,6.29,7.35,7.3,5.2,4.6,5.46,,3.88,,,,5.56,5.83,4.7,4.1,,1.46,5.12,5.41,4.26,4.93,4.75,,,,,,5.97,6.26,5.81,3.79,8.95,4.7,7.3,4.1,5.2,4.6,-0.01,,,11.18,-6.82,3.3,-0.45,5.87,5.4,,,,,0.88,-1.01,3.94,-3.02,7.93,2026-Q2,6.74,0.48,-0.43,1.06,1.34,1.2,1.05,1.05,1.01,1.06,5.4,,5.4,"{""agriculture"": 2.6, ""mining"": -2.1, ""manufacturing"": 5.9, ""construction"": 7.7, ""services"": 5.6}"
2026-06-22,11.04,5.12,4.6,5.12,-0.01,7.65,6.13,7.37,7.3,5.2,4.6,5.46,,3.88,,,,5.56,5.83,4.7,4.1,,1.46,5.12,5.41,4.26,4.93,4.75,,,,,,5.97,6.26,5.81,3.79,8.95,4.7,7.3,4.1,5.2,4.6,-0.01,,,11.1,-6.82,3.3,-0.97,5.83,5.4,,,,,0.88,-1.01,3.94,-3.02,7.93,2026-Q2,6.61,0.47,-0.49,1.06,1.35,1.2,1.05,1.05,1.01,1.06,5.4,,5.4,"{""agriculture"": 2.6, ""mining"": -2.1, ""manufacturing"": 5.9, ""construction"": 7.7, ""services"": 5.6}"
2026-06-23,10.99,5.11,4.62,5.11,-0.01,7.67,6.12,7.38,7.3,5.2,4.6,5.46,,3.89,,,,5.54,5.83,4.7,4.1,,1.46,5.12,5.41,4.26,4.93,4.75,,,,,,6.02,6.26,5.72,3.83,8.95,4.7,7.3,4.1,5.2,4.6,-0.01,,,10.95,-7.98,3.14,-3.57,5.8,5.4,,,,,0.88,-1.01,3.86,-4.04,7.93,2026-Q2,7.48,0.46,-0.75,1.07,1.34,1.2,1.05,1.05,1.01,1.07,5.4,,5.4,"{""agriculture"": 2.6, ""mining"": -2.1, ""manufacturing"": 5.9, ""construction"": 7.7, ""services"": 5.6}"
2026-06-24,11.85,5.11,4.66,5.11,-0.01,7.66,6.12,7.39,7.3,5.2,4.6,5.43,,3.89,,,,5.54,5.83,4.7,4.1,,1.46,5.12,5.41,4.26,4.93,4.75,,,,,,6.06,6.26,5.75,4.14,8.92,4.7,7.3,4.1,5.2,4.6,-0.01,,,11.13,-7.61,3.19,-1.56,4.35,5.4,,,,,0.88,-1.01,4.34,-3.7,7.93,2026-Q2,6.87,0.43,-0.89,1.07,1.36,1.2,1.06,1.05,1.01,1.07,5.4,,5.4,"{""agriculture"": 2.6, ""mining"": -2.1, ""manufacturing"": 5.9, ""construction"": 7.7, ""services"": 5.6}"
2026-06-25,11.56,5.11,4.66,5.11,-0.01,7.67,6.25,7.44,7.3,5.2,4.6,5.42,,3.9,,,,5.53,5.83,4.7,4.1,,1.46,5.12,5.41,4.26,4.93,4.75,,,,,,6.14,6.26,5.73,4.07,8.92,4.7,7.3,4.1,5.2,4.6,-0.01,,,10.91,-7.9,3.15,-4.29,4.2,5.4,,,,,0.88,-1.01,4.35,-3.97,7.93,2026-Q2,6.87,0.41,-1.19,1.34,1.35,1.33,1.06,1.05,1.01,1.34,5.4,,5.4,"{""agriculture"": 2.6, ""mining"": -2.1, ""manufacturing"": 5.9, ""construction"": 7.7, ""services"": 5.6}"
2026-06-26,11.25,5.11,4.67,5.11,-0.01,7.66,6.11,7.41,7.3,5.2,4.6,5.43,,3.89,,,,5.53,5.83,4.7,4.1,,1.46,5.12,5.41,4.26,4.93,4.75,,,,,,6.15,6.26,5.75,4.13,8.92,4.7,7.3,4.1,5.2,4.6,-0.01,,,11.46,-7.57,3.2,-3.18,4.34,5.4,,,,,0.88,-1.01,4.23,-3.67,7.93,2026-Q2,7.11,0.42,-0.97,1.07,1.37,1.2,1.05,1.05,1.01,1.07,5.4,,5.4,"{""agriculture"": 2.6, ""mining"": -2.1, ""manufacturing"": 5.9, ""construction"": 7.7, ""services"": 5.6}"
2026-06-27,11.97,5.1,4.74,5.1,-0.01,7.64,6.25,7.42,7.3,5.2,4.6,5.44,,3.9,,,,5.52,5.83,4.7,4.1,,1.46,5.12,5.41,4.26,4.93,4.75,,,,,,6.23,6.26,5.85,4.43,9.0,4.7,7.3,4.1,5.2,4.6,-0.01,,,11.22,-6.28,3.37,-1.68,4.36,5.4,,,,,0.88,-1.01,4.43,-2.57,7.93,2026-Q2,6.67,0.41,-1.06,1.07,1.38,1.2,1.06,1.05,1.01,1.07,5.4,,5.4,"{""agriculture"": 2.6, ""mining"": -2.1, ""manufacturing"": 5.9, ""construction"": 7.7, ""services"": 5.6}"
2026-06-28,11.76,5.11,4.73,5.11,-0.01,7.64,6.25,7.44,7.3,5.2,4.6,5.44,,3.89,,,,5.53,5.83,4.7,4.1,,1.46,5.12,5.41,4.26,4.93,4.75,,,,,,6.18,6.26,5.85,4.41,8.96,4.7,7.3,4.1,5.2,4.6,-0.01,,,11.11,-6.28,3.37,-1.58,4.27,5.4,,,,,0.88,-1.01,4.46,-2.57,7.93,2026-Q2,6.31,0.41,-1.05,1.06,1.39,1.19,1.06,1.05,1.01,1.06,5.4,,5.4,"{""agriculture"": 2.6, ""mining"": -2.1, ""manufacturing"": 5.9, ""construction"": 7.7, ""services"": 5.6}"
2026-06-29,11.91,5.11,4.74,5.11,-0.01,7.64,6.25,7.43,7.3,5.2,4.6,5.44,,3.89,,,,5.53,5.83,4.7,4.1,,1.46,5.12,5.41,4.26,4.93,4.75,,,,,,6.22,6.26,5.85,4.43,8.96,4.7,7.3,4.1,5.2,4.6,-0.01,,,11.3,-6.28,3.37,-0.92,4.31,5.4,,,,,0.88,-1.01,4.46,-2.57,7.93,2026-Q2,6.42,0.41,-1.0,1.06,1.39,1.19,1.06,1.05,1.01,1.06,5.4,,5.4,"{""agriculture"": 2.6, ""mining"": -2.1, ""manufacturing"": 5.9, ""construction"": 7.7, ""services"": 5.6}"
2026-06-30,11.28,5.11,4.7,5.11,-0.01,7.62,6.08,7.42,7.3,5.2,4.6,5.44,,3.9,,,,5.53,5.83,4.7,4.1,,1.46,5.12,5.41,4.26,4.93,4.75,,,,,,6.16,6.26,5.95,4.36,8.96,4.7,7.3,4.1,5.2,4.6,-0.01,,,11.04,-4.91,3.54,-1.17,4.32,5.4,,,,,0.88,-1.01,4.21,-0.5,7.93,2026-Q2,6.17,0.42,-0.82,1.06,1.37,1.2,1.06,1.05,1.01,1.06,5.4,,5.4,"{""agriculture"": 2.6, ""mining"": -2.1, ""manufacturing"": 5.9, ""construction"": 7.7, ""services"": 5.6}"
2026-07-01,2.19,4.6,4.31,4.31,-0.01,7.36,5.23,7.29,7.3,5.2,4.6,5.52,,3.55,,,,5.12,5.81,4.7,4.1,,1.46,5.12,5.41,4.26,4.93,4.75,,,,,,5.23,6.44,5.13,4.82,6.37,4.7,7.3,4.1,5.2,4.6,-0.01,,,3.1,2.37,4.63,3.15,4.59,5.4,,,,,0.95,-0.66,4.31,3.26,7.53,2026-Q3,-0.59,0.37,1.0,1.56,1.42,1.49,1.01,1.05,1.03,1.01,5.4,,5.4,"{""agriculture"": 2.6, ""mining"": -2.1, ""manufacturing"": 5.9, ""construction"": 7.7, ""services"": 5.6}"
2026-07-02,3.57,4.73,4.29,4.29,-0.01,7.43,5.82,7.29,7.3,5.2,4.6,5.62,,3.72,,,,4.8,5.85,4.7,4.1,,1.46,5.12,5.41,4.26,4.93,4.75,,,,,,5.23,6.44,5.13,4.89,6.37,4.7,7.3,4.1,5.2,4.6,-0.01,,,4.57,4.36,4.78,4.98,4.8,5.4,,,,,0.95,-0.66,4.31,3.45,7.53,2026-Q3,0.79,0.35,1.03,1.09,1.34,1.2,1.01,1.05,1.03,1.01,5.4,,5.4,"{""agriculture"": 2.6, ""mining"": -2.1, ""manufacturing"": 5.9, ""construction"": 7.7, ""services"": 5.6}"
2026-07-03,4.25,4.65,4.29,4.29,-0.01,7.43,5.41,7.22,7.3,5.2,4.6,5.63,,3.7,,,,4.76,5.85,4.7,4.1,,1.46,5.12,5.41,4.26,4.93,4.75,,,,,,5.23,6.44,5.13,4.89,6.34,4.7,7.3,4.1,5.2,4.6,-0.01,,,5.01,4.44,4.77,4.39,4.75,5.4,,,,,0.95,-0.66,4.32,3.45,7.53,2026-Q3,0.67,0.36,0.97,1.1,1.34,1.21,1.01,1.05,1.03,1.01,5.4,,5.4,"{""agriculture"": 2.6, ""mining"": -2.1, ""manufacturing"": 5.9, ""construction"": 7.7, ""services"": 5.6}"
2026-07-04,4.4,4.64,4.29,4.4,-0.01,7.44,5.39,7.2,7.3,5.2,4.6,5.62,,3.7,,,,4.74,5.84,4.7,4.1,,1.46,5.12,5.41,4.26,4.93,4.75,,,,,,5.23,6.44,5.13,4.89,6.36,4.7,7.3,4.1,5.2,4.6,-0.01,,,5.01,4.26,4.79,4.2,4.73,5.4,,,,,0.95,-0.66,4.32,3.44,7.53,2026-Q3,0.76,0.36,0.96,1.09,1.34,1.21,1.01,1.05,1.03,1.01,5.4,,5.4,"{""agriculture"": 2.6, ""mining"": -2.1, ""manufacturing"": 5.9, ""construction"": 7.7, ""services"": 5.6}"
2026-07-05,4.4,4.64,4.29,4.4,-0.01,7.44,5.62,7.2,7.3,5.2,4.6,5.62,,3.7,,,,4.74,5.84,4.7,4.1,,1.46,5.12,5.41,4.26,4.93,4.75,,,,,,5.23,6.44,5.13,4.89,6.36,4.7,7.3,4.1,5.2,4.6,-0.01,,,5.01,4.26,4.79,4.2,4.73,5.4,,,,,0.95,-0.66,4.32,3.44,7.53,2026-Q3,0.76,0.36,0.96,1.09,1.34,1.21,1.01,1.05,1.03,1.01,5.4,,5.4,"{""agriculture"": 2.6, ""mining"": -2.1, ""manufacturing"": 5.9, ""construction"": 7.7, ""services"": 5.6}"
2026-07-06,4.41,4.56,4.29,4.41,-0.01,7.44,5.63,7.2,7.3,5.2,4.6,5.62,,3.51,,,,4.75,5.84,4.7,4.1,,1.46,5.12,5.41,4.26,4.93,4.75,,,,,,5.23,6.44,5.13,4.89,6.36,4.7,7.3,4.1,5.2,4.6,-0.01,,,5.0,4.26,4.79,4.23,4.74,5.4,,,,,0.95,-0.66,4.32,3.44,7.53,2026-Q3,0.78,0.36,0.96,1.08,1.34,1.2,1.01,1.05,1.03,1.01,5.4,,5.4,"{""agriculture"": 2.6, ""mining"": -2.1, ""manufacturing"": 5.9, ""construction"": 7.7, ""services"": 5.6}"
2026-07-07,4.35,4.6,4.29,4.35,-0.01,7.44,5.22,7.2,7.3,5.2,4.6,5.63,,3.7,,,,4.72,5.84,4.7,4.1,,1.46,5.12,5.41,4.26,4.93,4.75,,,,,,5.23,6.44,5.13,4.89,6.36,4.7,7.3,4.1,5.2,4.6,-0.01,,,4.89,4.28,4.79,4.18,4.72,5.4,,,,,0.95,-0.66,4.32,3.44,7.53,2026-Q3,0.85,0.36,0.96,1.13,1.34,1.22,1.01,1.05,1.03,1.01,5.4,,5.4,"{""agriculture"": 2.6, ""mining"": -2.1, ""manufacturing"": 5.9, ""construction"": 7.7, ""services"": 5.6}"
2026-07-08,5.06,4.59,4.29,4.59,-0.01,7.43,5.2,7.24,7.3,5.2,4.6,5.58,,3.7,,,,4.74,5.85,4.7,4.1,,1.46,5.12,5.41,4.26,4.93,4.75,,,,,,5.23,6.44,5.13,4.89,6.34,4.7,7.3,4.1,5.2,4.6,-0.01,,,5.1,4.34,4.78,3.35,4.55,5.4,,,,,0.95,-0.66,4.32,3.45,7.53,2026-Q3,0.67,0.37,0.86,1.11,1.34,1.22,1.01,1.05,1.03,1.01,5.4,,5.4,"{""agriculture"": 2.6, ""mining"": -2.1, ""manufacturing"": 5.9, ""construction"": 7.7, ""services"": 5.6}"
2026-07-09,5.26,4.56,4.3,4.56,-0.01,7.43,5.41,7.26,7.3,5.2,4.6,5.57,,3.7,,,,4.72,5.85,4.7,4.1,,1.46,5.12,5.41,4.26,4.93,4.75,,,,,,5.23,6.44,5.13,4.89,6.34,4.7,7.3,4.1,5.2,4.6,-0.01,,,5.35,4.39,4.78,2.79,4.39,5.4,,,,,0.95,-0.66,4.32,3.45,7.53,2026-Q3,0.68,0.37,0.85,1.16,1.35,1.24,1.01,1.05,1.03,1.01,5.4,,5.4,"{""agriculture"": 2.6, ""mining"": -2.1, ""manufacturing"": 5.9, ""construction"": 7.7, ""services"": 5.6}"
2026-07-10,5.08,4.59,4.29,4.59,-0.01,7.43,5.5,7.28,7.3,5.2,4.6,5.62,,3.7,,,,4.75,5.85,4.7,4.1,,1.46,5.12,5.41,4.26,4.93,4.75,,,,,,5.23,6.44,5.13,4.89,6.33,4.7,7.3,4.1,5.2,4.6,-0.01,,,5.27,4.35,4.78,3.46,4.52,5.4,,,,,0.95,-0.66,4.32,3.45,7.53,2026-Q3,0.87,0.38,0.86,1.13,1.34,1.23,1.01,1.05,1.03,1.01,5.4,,5.4,"{""agriculture"": 2.6, ""mining"": -2.1, ""manufacturing"": 5.9, ""construction"": 7.7, ""services"": 5.6}"
2026-07-11,5.01,4.59,4.29,4.59,-0.01,7.44,5.23,7.27,7.3,5.2,4.6,5.62,,3.7,,,,4.75,5.84,4.7,4.1,,1.46,5.12,5.41,4.26,4.93,4.75,,,,,,5.23,6.44,5.13,4.89,6.33,4.7,7.3,4.1,5.2,4.6,-0.01,,,5.19,4.27,4.79,3.48,4.54,5.4,,,,,0.95,-0.66,4.32,3.44,7.53,2026-Q3,0.85,0.37,0.87,1.14,1.34,1.23,1.01,1.05,1.03,1.01,5.4,,5.4,"{""agriculture"": 2.6, ""mining"": -2.1, ""manufacturing"": 5.9, ""construction"": 7.7, ""services"": 5.6}"
2026-07-12,5.09,4.56,4.29,4.56,-0.01,7.44,5.41,7.24,7.3,5.2,4.6,5.62,,3.7,,,,4.73,5.84,4.7,4.1,,1.46,5.12,5.41,4.26,4.93,4.75,,,,,,5.23,6.44,5.13,4.89,6.34,4.7,7.3,4.1,5.2,4.6,-0.01,,,5.11,4.27,4.79,3.32,4.53,5.4,,,,,0.95,-0.66,4.32,3.44,7.53,2026-Q3,0.82,0.37,0.86,1.15,1.35,1.23,1.01,1.05,1.03,1.01,5.4,,5.4,"{""agriculture"": 2.6, ""mining"": -2.1, ""manufacturing"": 5.9, ""construction"": 7.7, ""services"": 5.6}"
2026-07-13,5.27,4.55,4.29,4.55,-0.01,7.44,5.41,7.25,7.3,5.2,4.6,5.6,,3.7,,,,4.73,5.84,4.7,4.1,,1.46,5.12,5.41,4.26,4.93,4.75,,,,,,5.23,6.44,5.13,4.89,6.34,4.7,7.3,4.1,5.2,4.6,-0.01,,,5.39,4.27,4.79,2.8,4.39,5.4,,,,,0.95,-0.66,4.32,3.44,7.53,2026-Q3,0.77,0.36,0.84,1.15,1.35,1.23,1.01,1.05,1.03,1.01,5.4,,5.4,"{""agriculture"": 2.6, ""mining"": -2.1, ""manufacturing"": 5.9, ""construction"": 7.7, ""services"": 5.6}"
2026-07-14,6.05,4.54,4.29,4.54,-0.01,7.44,5.38,7.28,7.3,5.2,4.6,5.54,,3.7,,,,4.74,5.85,4.7,4.1,,1.46,5.12,5.41,4.26,4.93,4.75,,,,,,5.23,6.44,5.13,4.89,6.34,4.7,7.3,4.1,5.2,4.6,-0.01,,,5.79,4.04,4.8,1.23,4.22,5.4,,,,,0.95,-0.66,4.32,3.44,7.53,2026-Q3,0.65,0.36,0.73,1.11,1.34,1.23,1.01,1.05,1.03,1.01,5.4,,5.4,"{""agriculture"": 2.6, ""mining"": -2.1, ""manufacturing"": 5.9, ""construction"": 7.7, ""services"": 5.6}"
2026-07-15,5.92,4.52,4.29,4.52,-0.01,7.43,5.3,7.29,7.3,5.2,4.6,5.54,,3.69,,,,4.73,5.85,4.7,4.1,,1.46,5.12,5.41,4.26,4.93,4.75,,,,,,5.23,6.44,5.13,4.89,6.34,4.7,7.3,4.1,5.2,4.6,-0.01,,,5.83,4.37,4.78,0.3,4.19,5.4,,,,,0.95,-0.66,4.32,3.45,7.53,2026-Q3,0.53,0.34,0.76,1.17,1.35,1.25,1.01,1.05,1.03,1.01,5.4,,5.4,"{""agriculture"": 2.6, ""mining"": -2.1, ""manufacturing"": 5.9, ""construction"": 7.7, ""services"": 5.6}"
2026-07-16,6.39,4.53,4.29,4.53,-0.01,7.44,5.37,7.31,7.3,5.2,4.6,5.52,,3.7,,,,4.76,5.84,4.7,4.1,,1.46,5.12,5.41,4.26,4.93,4.75,,,,,,5.23,6.44,5.13,4.89,6.34,4.7,7.3,4.1,5.2,4.6,-0.01,,,5.87,4.27,4.79,-0.77,4.2,5.4,,,,,0.95,-0.66,4.33,3.44,7.53,2026-Q3,0.57,0.36,0.68,1.12,1.34,1.23,1.01,1.05,1.03,1.01,5.4,,5.4,"{""agriculture"": 2.6, ""mining"": -2.1, ""manufacturing"": 5.9, ""construction"": 7.7, ""services"": 5.6}"
2026-07-17,6.44,4.53,4.29,4.53,-0.01,7.43,5.32,7.31,7.3,5.2,4.6,5.47,,3.7,,,,4.76,5.85,4.7,4.1,,1.46,5.12,5.41,4.26,4.93,4.75,,,,,,5.23,6.44,5.13,4.89,6.34,4.7,7.3,4.1,5.2,4.6,-0.01,,,5.72,4.3,4.78,-1.58,4.2,5.4,,,,,0.95,-0.66,4.33,3.44,7.53,2026-Q3,0.34,0.36,0.66,1.13,1.35,1.23,1.01,1.05,1.03,1.01,5.4,,5.4,"{""agriculture"": 2.6, ""mining"": -2.1, ""manufacturing"": 5.9, ""construction"": 7.7, ""services"": 5.6}"
2026-07-18,7.2,4.56,4.08,4.56,-0.01,7.43,5.33,7.39,7.3,5.2,4.6,5.43,,3.69,,,,4.74,5.85,4.7,4.1,,1.46,5.12,5.41,4.26,4.93,4.75,,,,,,5.23,6.44,5.12,4.89,6.33,4.7,7.3,4.1,5.2,4.6,-0.01,,,6.59,4.39,4.87,-1.74,4.17,5.4,,,,,0.96,-0.65,4.33,3.45,7.27,2026-Q3,0.69,0.33,0.61,1.12,1.35,1.23,1.0,1.05,1.03,1.0,5.4,,5.4,"{""agriculture"": 2.6, ""mining"": -2.1, ""manufacturing"": 5.9, ""construction"": 7.7, ""services"": 5.6}"
2026-07-19,7.06,4.54,4.08,4.54,-0.01,7.43,4.91,7.39,7.3,5.2,4.6,5.42,,3.68,,,,4.79,5.85,4.7,4.1,,1.46,5.12,5.41,4.26,4.93,4.75,,,,,,5.23,6.44,5.12,4.89,6.34,4.7,7.3,4.1,5.2,4.6,-0.01,,,6.48,4.39,4.87,-2.21,4.16,5.4,,,,,0.96,-0.65,4.33,3.45,7.27,2026-Q3,0.54,0.3,0.63,1.15,1.36,1.24,1.0,1.05,1.03,1.0,5.4,,5.4,"{""agriculture"": 2.6, ""mining"": -2.1, ""manufacturing"": 5.9, ""construction"": 7.7, ""services"": 5.6}"
2026-07-20,7.23,4.43,4.08,4.43,-0.01,7.43,4.91,7.4,7.3,5.2,4.6,5.42,,3.45,,,,4.8,5.85,4.7,4.1,,1.46,5.12,5.41,4.26,4.93,4.75,,,,,,5.23,6.44,5.12,4.89,6.34,4.7,7.3,4.1,5.2,4.6,-0.01,,,6.62,4.39,4.87,-2.4,4.12,5.4,,,,,0.96,-0.65,4.33,3.45,7.27,2026-Q3,0.55,0.3,0.61,1.15,1.36,1.24,1.0,1.05,1.03,1.0,5.4,,5.4,"{""agriculture"": 2.6, ""mining"": -2.1, ""manufacturing"": 5.9, ""construction"": 7.7, ""services"": 5.6}"
2026-07-21,6.2,4.56,4.07,4.56,-0.01,7.49,5.19,7.39,7.3,5.2,4.6,5.46,,3.64,,,,4.74,5.85,4.7,4.1,,1.46,5.12,5.41,4.26,4.93,4.75,,,,,,5.23,6.49,5.12,4.67,5.7,4.7,7.3,4.1,5.2,4.6,-0.01,,,5.74,3.35,4.87,-1.6,4.18,5.4,,,,,0.95,-0.67,4.32,3.45,7.27,2026-Q3,0.56,0.64,0.65,1.15,1.29,1.24,1.0,1.05,1.03,1.0,5.4,,5.4,"{""agriculture"": 2.6, ""mining"": -2.1, ""manufacturing"": 5.9, ""construction"": 7.7, ""services"": 5.6}"
2026-07-22,6.15,4.54,4.06,4.54,-0.01,7.49,4.86,7.42,7.3,5.2,4.6,5.61,,3.64,,,,4.8,5.85,4.7,4.1,,1.46,5.12,5.41,4.26,4.93,4.75,,,,,,5.23,6.49,5.12,4.66,5.7,4.7,7.3,4.1,5.2,4.6,-0.01,,,6.08,3.34,4.87,-1.47,4.11,5.4,,,,,0.95,-0.67,4.32,3.45,7.27,2026-Q3,0.7,0.6,0.67,1.42,1.39,1.38,1.0,1.05,1.03,1.0,5.4,,5.4,"{""agriculture"": 2.6, ""mining"": -2.1, ""manufacturing"": 5.9, ""construction"": 7.7, ""services"": 5.6}"
2026-07-23,6.73,4.45,4.09,4.45,-0.01,7.49,4.95,7.43,7.3,5.2,4.6,5.58,,3.45,,,,4.82,5.86,4.7,4.1,,1.46,5.12,5.41,4.26,4.93,4.75,,,,,,5.23,6.49,5.12,4.66,5.7,4.7,7.3,4.1,5.2,4.6,-0.01,,,6.48,3.31,4.88,-1.94,4.04,5.4,,,,,0.95,-0.67,4.32,3.46,7.27,2026-Q3,0.81,0.65,0.59,1.14,1.29,1.24,1.0,1.05,1.03,1.0,5.4,,5.4,"{""agriculture"": 2.6, ""mining"": -2.1, ""manufacturing"": 5.9, ""construction"": 7.7, ""services"": 5.6}"
2026-07-24,7.06,4.46,4.09,4.46,-0.01,7.49,4.97,7.45,7.3,5.2,4.6,5.57,,3.46,,,,4.76,5.85,4.7,4.1,,1.46,5.12,5.41,4.26,4.93,4.75,,,,,,5.23,6.49,5.12,4.65,5.7,4.7,7.3,4.1,5.2,4.6,-0.01,,,6.84,3.36,4.87,-2.11,3.98,5.4,,,,,0.95,-0.67,4.31,3.45,7.27,2026-Q3,1.01,0.63,0.56,1.39,1.37,1.37,1.0,1.05,1.03,1.01,5.4,,5.4,"{""agriculture"": 2.6, ""mining"": -2.1, ""manufacturing"": 5.9, ""construction"": 7.7, ""services"": 5.6}"
2026-07-25,7.47,4.6,4.06,4.6,-0.01,7.65,4.99,7.46,7.3,5.2,4.6,5.43,,3.65,,,,4.79,5.86,4.7,4.1,,1.46,5.12,5.41,4.26,4.93,4.75,,,,,,5.09,6.49,5.12,4.65,5.7,4.7,7.3,4.1,5.2,4.6,-0.01,,,6.98,4.25,4.88,-2.46,4.01,5.4,,,,,0.95,-0.67,4.32,3.35,7.29,2026-Q3,0.95,0.71,0.47,1.11,1.3,1.22,1.0,1.05,1.03,1.0,5.4,,5.4,"{""agriculture"": 2.6, ""mining"": -2.1, ""manufacturing"": 5.9, ""construction"": 7.7, ""services"": 5.6}"
2026-07-26,7.08,4.59,4.06,4.59,-0.01,7.65,4.97,7.46,7.3,5.2,4.6,5.51,,3.65,,,,4.84,5.86,4.7,4.1,,1.46,5.12,5.41,4.26,4.93,4.75,,,,,,5.13,6.49,5.12,4.65,5.7,4.7,7.3,4.1,5.2,4.6,-0.01,,,6.95,4.25,4.88,-1.63,4.03,5.4,,,,,0.95,-0.67,4.31,3.35,7.29,2026-Q3,1.09,0.7,0.52,1.12,1.3,1.23,1.0,1.05,1.03,1.09,5.4,,5.4,"{""agriculture"": 2.6, ""mining"": -2.1, ""manufacturing"": 5.9, ""construction"": 7.7, ""services"": 5.6}"
2026-07-27,6.82,4.59,4.06,4.59,-0.01,7.65,4.89,7.44,7.3,5.2,4.6,5.43,,3.65,,,,4.76,5.86,4.7,4.1,,1.46,5.12,5.41,4.26,4.93,4.75,,,,,,5.09,6.49,5.12,4.64,5.7,4.7,7.3,4.1,5.2,4.6,-0.01,,,6.42,4.25,4.88,-1.8,4.11,5.4,,,,,0.95,-0.67,4.32,3.35,7.29,2026-Q3,0.81,0.72,0.56,1.14,1.31,1.23,1.0,1.05,1.03,1.0,5.4,,5.4,"{""agriculture"": 2.6, ""mining"": -2.1, ""manufacturing"": 5.9, ""construction"": 7.7, ""services"": 5.6}"
2026-07-28,6.75,4.49,4.06,4.49,-0.01,7.65,4.92,7.41,7.3,5.2,4.6,5.37,,3.47,,,,4.83,5.85,4.7,4.1,,1.46,5.12,5.41,4.26,4.93,4.75,,,,,,5.08,6.49,5.12,4.65,5.7,4.7,7.3,4.1,5.2,4.6,-0.01,,,6.13,4.29,4.87,-1.4,4.2,5.4,,,,,0.95,-0.67,4.32,3.35,7.29,2026-Q3,0.72,0.79,0.56,1.39,1.39,1.36,1.0,1.05,1.03,1.0,5.4,,5.4,"{""agriculture"": 2.6, ""mining"": -2.1, ""manufacturing"": 5.9, ""construction"": 7.7, ""services"": 5.6}"
2026-07-29,7.49,4.5,4.12,4.5,-0.01,7.65,4.96,7.06,7.3,5.2,4.6,5.33,,3.49,,,,4.78,5.85,4.7,4.1,,1.46,5.12,5.41,4.26,4.93,4.75,,,,,,5.08,6.49,5.12,4.66,5.7,4.7,7.3,4.1,5.2,4.6,-0.01,,,6.42,4.3,4.87,-2.17,4.44,5.4,,,,,0.95,-0.67,4.33,3.35,7.29,2026-Q3,0.67,0.99,0.43,1.28,1.39,1.3,1.0,1.05,1.03,1.0,5.4,,5.4,"{""agriculture"": 2.6, ""mining"": -2.1, ""manufacturing"": 5.9, ""construction"": 7.7, ""services"": 5.6}"
2026-07-30,8.11,4.5,4.12,4.5,-0.01,7.65,4.93,7.07,7.3,5.2,4.6,5.27,,3.49,,,,4.84,5.85,4.7,4.1,,1.46,5.12,5.41,4.26,4.93,4.75,,,,,,5.08,6.49,5.12,4.65,5.7,4.7,7.3,4.1,5.2,4.6,-0.01,,,6.97,4.31,4.87,-3.0,4.42,5.4,,,,,0.95,-0.67,4.33,3.35,7.29,2026-Q3,0.58,1.14,0.3,1.12,1.3,1.23,1.0,1.05,1.03,1.0,5.4,,5.4,"{""agriculture"": 2.6, ""mining"": -2.1, ""manufacturing"": 5.9, ""construction"": 7.7, ""services"": 5.6}"
2026-07-31,7.38,4.48,4.12,4.48,-0.01,7.65,4.86,7.06,7.3,5.2,4.6,5.36,,3.48,,,,4.75,5.85,4.7,4.1,,1.46,5.12,5.41,4.26,4.93,4.75,,,,,,5.08,6.49,5.12,4.66,5.7,4.7,7.3,4.1,5.2,4.6,-0.01,,,6.35,4.31,4.87,-1.96,4.44,5.4,,,,,0.95,-0.67,4.33,3.35,7.29,2026-Q3,0.86,0.93,0.47,1.12,1.3,1.23,1.0,1.05,1.03,1.0,5.4,,5.4,"{""agriculture"": 2.6, ""mining"": -2.1, ""manufacturing"": 5.9, ""construction"": 7.7, ""services"": 5.6}"
2026-08-01,7.51,4.59,4.12,4.59,-0.01,7.65,4.86,7.07,7.3,5.2,4.6,5.37,,3.65,,,,4.83,5.86,4.7,4.1,,1.46,5.12,5.41,4.26,4.93,4.75,,,,,,5.08,6.49,5.12,4.67,5.7,4.7,7.3,4.1,5.2,4.6,-0.01,,,6.5,4.32,4.87,-2.63,4.42,5.4,,,,,0.95,-0.67,4.33,3.35,7.29,2026-Q3,0.81,0.9,0.44,1.11,1.3,1.23,1.0,1.05,1.03,1.0,5.4,,5.4,"{""agriculture"": 2.6, ""mining"": -2.1, ""manufacturing"": 5.9, ""construction"": 7.7, ""services"": 5.6}"
2026-08-02,7.51,4.59,4.12,4.59,-0.01,7.65,4.86,7.07,7.3,5.2,4.6,5.37,,3.65,,,,4.83,5.86,4.7,4.1,,1.46,5.12,5.41,4.26,4.93,4.75,,,,,,5.08,6.49,5.12,4.67,5.7,4.7,7.3,4.1,5.2,4.6,-0.01,,,6.49,4.32,4.87,-2.63,4.42,5.4,,,,,0.95,-0.67,4.33,3.35,7.29,2026-Q3,0.81,0.9,0.45,1.3,1.39,1.31,1.0,1.05,1.03,1.0,5.4,,5.4,"{""agriculture"": 2.6, ""mining"": -2.1, ""manufacturing"": 5.9, ""construction"": 7.7, ""services"": 5.6}"
2026-08-03,4.57,4.48,4.1,4.48,-0.01,7.83,4.98,7.16,7.3,5.2,4.6,5.41,,3.49,,,,4.76,5.86,4.7,4.1,,1.46,5.12,5.41,4.26,4.93,4.75,,,,,,5.08,6.49,5.12,4.68,5.7,4.7,7.3,4.1,5.2,4.6,-0.01,,,5.54,4.86,4.86,-1.19,4.11,5.4,,,,,0.94,-0.71,4.3,3.36,7.29,2026-Q3,0.02,0.99,0.85,1.15,1.23,1.27,1.0,1.05,1.03,1.0,5.4,,5.4,"{""agriculture"": 2.6, ""mining"": -2.1, ""manufacturing"": 5.9, ""construction"": 7.7, ""services"": 5.6}"
2026-08-04,7.79,4.44,4.09,4.44,-0.01,7.9,4.93,7.27,7.3,5.2,4.6,5.45,,3.46,,,,4.68,5.84,4.7,4.1,,1.46,5.12,5.41,4.26,4.93,4.75,,,,,,5.13,6.49,5.12,4.7,5.7,4.7,7.3,4.1,5.2,4.6,-0.01,,,8.69,5.56,4.83,2.71,5.36,5.4,,,,,0.94,-0.71,4.3,4.45,7.29,2026-Q3,2.97,1.11,0.62,1.28,1.36,1.31,1.0,1.05,1.03,1.28,5.4,,5.4,"{""agriculture"": 2.6, ""mining"": -2.1, ""manufacturing"": 5.9, ""construction"": 7.7, ""services"": 5.6}"
2026-08-05,9.5,4.45,4.09,4.45,-0.01,7.92,4.92,7.19,7.3,5.2,4.6,5.49,,3.46,,,,4.7,5.84,4.7,4.1,,1.46,5.12,5.41,4.26,4.93,4.75,,,,,,5.09,6.49,5.12,4.72,5.7,4.7,7.3,4.1,5.2,4.6,-0.01,,,10.17,5.55,4.84,2.44,5.88,5.4,,,,,0.94,-0.71,4.32,4.43,7.29,2026-Q3,4.24,1.06,0.42,1.3,1.37,1.32,1.0,1.05,1.03,1.3,5.4,,5.4,"{""agriculture"": 2.6, ""mining"": -2.1, ""manufacturing"": 5.9, ""construction"": 7.7, ""services"": 5.6}"
2026-08-06,9.17,4.44,4.06,4.44,-0.01,7.91,4.89,7.17,7.3,5.2,4.6,5.52,,3.46,,,,4.7,5.84,4.7,4.1,,1.46,5.12,5.41,4.26,4.93,4.75,,,,,,5.09,6.49,5.12,4.76,5.7,4.7,7.3,4.1,5.2,4.6,-0.01,,,9.94,5.55,4.83,2.61,5.8,5.4,,,,,0.94,-0.71,4.31,4.44,7.29,2026-Q3,4.05,1.06,0.47,1.13,1.19,1.27,1.0,1.05,1.03,1.13,5.4,,5.4,"{""agriculture"": 2.6, ""mining"": -2.1, ""manufacturing"": 5.9, ""construction"": 7.7, ""services"": 5.6}"
2026-08-07,4.02,4.56,4.17,4.17,-0.01,7.9,5.03,7.14,7.3,5.2,4.6,5.45,,3.62,,,,4.65,5.84,4.7,4.1,,1.46,5.12,5.41,4.26,4.93,4.75,,,,,,5.18,6.49,5.12,4.86,5.75,4.7,7.3,4.1,5.2,4.6,-0.01,,,6.12,5.56,4.83,2.11,4.85,5.4,,,,,0.94,-0.71,4.31,4.45,7.29,2026-Q3,2.53,0.71,0.94,1.1,1.07,1.25,1.0,1.06,1.03,1.1,5.4,,5.4,"{""agriculture"": 2.6, ""mining"": -2.1, ""manufacturing"": 5.9, ""construction"": 7.7, ""services"": 5.6}"
2026-08-08,8.71,4.51,4.08,4.51,-0.01,7.91,4.81,7.19,7.3,5.2,4.6,5.51,,3.57,,,,4.67,5.84,4.7,4.1,,1.46,5.12,5.41,4.26,4.93,4.75,,,,,,5.09,6.49,5.12,4.73,5.7,4.7,7.3,4.1,5.2,4.6,-0.01,,,9.77,5.55,4.84,1.45,5.54,5.4,,,,,0.94,-0.71,4.32,4.44,7.29,2026-Q3,3.95,0.99,0.53,1.14,1.19,1.27,1.0,1.05,1.03,1.14,5.4,,5.4,"{""agriculture"": 2.6, ""mining"": -2.1, ""manufacturing"": 5.9, ""construction"": 7.7, ""services"": 5.6}"
